test,sim_overdisp,sim_kern_var,sim_kern_mix,seed,sim_kern_disc
DaliJoint,2.0,0.1,0.0,123,global
DaliJoint,2.0,0.1,0.0,154,global
DaliJoint,2.0,0.1,0.0,6823,global
DaliJoint,2.0,0.1,0.0,5929,global
DaliJoint,2.0,0.1,0.0,538,global
DaliJoint,2.0,0.1,0.0,9090,global
DaliJoint,2.0,0.1,0.0,2203,global
DaliJoint,2.0,0.1,0.0,2550,global
DaliJoint,2.0,0.1,0.0,1843,global
DaliJoint,2.0,0.1,0.0,3336,global
DaliJoint,2.0,0.1,0.0,1759,global
DaliJoint,2.0,0.1,0.0,3478,global
DaliJoint,2.0,0.1,0.0,8120,global
DaliJoint,2.0,0.1,0.0,4513,global
DaliJoint,2.0,0.1,0.0,9233,global
DaliJoint,2.0,0.1,0.0,4494,global
DaliJoint,2.0,0.1,0.0,2765,global
DaliJoint,2.0,0.1,0.0,7887,global
DaliJoint,2.0,0.1,0.0,8197,global
DaliJoint,2.0,0.1,0.0,8619,global
DaliJoint,2.0,0.1,0.0,8898,global
DaliJoint,2.0,0.1,0.0,250,global
DaliJoint,2.0,0.1,0.0,5129,global
DaliJoint,2.0,0.1,0.0,2681,global
DaliJoint,2.0,0.1,0.0,2449,global
DaliJoint,2.0,0.1,0.2,123,global
DaliJoint,2.0,0.1,0.2,154,global
DaliJoint,2.0,0.1,0.2,6823,global
DaliJoint,2.0,0.1,0.2,5929,global
DaliJoint,2.0,0.1,0.2,538,global
DaliJoint,2.0,0.1,0.2,9090,global
DaliJoint,2.0,0.1,0.2,2203,global
DaliJoint,2.0,0.1,0.2,2550,global
DaliJoint,2.0,0.1,0.2,1843,global
DaliJoint,2.0,0.1,0.2,3336,global
DaliJoint,2.0,0.1,0.2,1759,global
DaliJoint,2.0,0.1,0.2,3478,global
DaliJoint,2.0,0.1,0.2,8120,global
DaliJoint,2.0,0.1,0.2,4513,global
DaliJoint,2.0,0.1,0.2,9233,global
DaliJoint,2.0,0.1,0.2,4494,global
DaliJoint,2.0,0.1,0.2,2765,global
DaliJoint,2.0,0.1,0.2,7887,global
DaliJoint,2.0,0.1,0.2,8197,global
DaliJoint,2.0,0.1,0.2,8619,global
DaliJoint,2.0,0.1,0.2,8898,global
DaliJoint,2.0,0.1,0.2,250,global
DaliJoint,2.0,0.1,0.2,5129,global
DaliJoint,2.0,0.1,0.2,2681,global
DaliJoint,2.0,0.1,0.2,2449,global
DaliJoint,2.0,0.1,0.4,123,global
DaliJoint,2.0,0.1,0.4,154,global
DaliJoint,2.0,0.1,0.4,6823,global
DaliJoint,2.0,0.1,0.4,5929,global
DaliJoint,2.0,0.1,0.4,538,global
DaliJoint,2.0,0.1,0.4,9090,global
DaliJoint,2.0,0.1,0.4,2203,global
DaliJoint,2.0,0.1,0.4,2550,global
DaliJoint,2.0,0.1,0.4,1843,global
DaliJoint,2.0,0.1,0.4,3336,global
DaliJoint,2.0,0.1,0.4,1759,global
DaliJoint,2.0,0.1,0.4,3478,global
DaliJoint,2.0,0.1,0.4,8120,global
DaliJoint,2.0,0.1,0.4,4513,global
DaliJoint,2.0,0.1,0.4,9233,global
DaliJoint,2.0,0.1,0.4,4494,global
DaliJoint,2.0,0.1,0.4,2765,global
DaliJoint,2.0,0.1,0.4,7887,global
DaliJoint,2.0,0.1,0.4,8197,global
DaliJoint,2.0,0.1,0.4,8619,global
DaliJoint,2.0,0.1,0.4,8898,global
DaliJoint,2.0,0.1,0.4,250,global
DaliJoint,2.0,0.1,0.4,5129,global
DaliJoint,2.0,0.1,0.4,2681,global
DaliJoint,2.0,0.1,0.4,2449,global
DaliJoint,2.0,0.1,0.6000000000000001,123,global
DaliJoint,2.0,0.1,0.6000000000000001,154,global
DaliJoint,2.0,0.1,0.6000000000000001,6823,global
DaliJoint,2.0,0.1,0.6000000000000001,5929,global
DaliJoint,2.0,0.1,0.6000000000000001,538,global
DaliJoint,2.0,0.1,0.6000000000000001,9090,global
DaliJoint,2.0,0.1,0.6000000000000001,2203,global
DaliJoint,2.0,0.1,0.6000000000000001,2550,global
DaliJoint,2.0,0.1,0.6000000000000001,1843,global
DaliJoint,2.0,0.1,0.6000000000000001,3336,global
DaliJoint,2.0,0.1,0.6000000000000001,1759,global
DaliJoint,2.0,0.1,0.6000000000000001,3478,global
DaliJoint,2.0,0.1,0.6000000000000001,8120,global
DaliJoint,2.0,0.1,0.6000000000000001,4513,global
DaliJoint,2.0,0.1,0.6000000000000001,9233,global
DaliJoint,2.0,0.1,0.6000000000000001,4494,global
DaliJoint,2.0,0.1,0.6000000000000001,2765,global
DaliJoint,2.0,0.1,0.6000000000000001,7887,global
DaliJoint,2.0,0.1,0.6000000000000001,8197,global
DaliJoint,2.0,0.1,0.6000000000000001,8619,global
DaliJoint,2.0,0.1,0.6000000000000001,8898,global
DaliJoint,2.0,0.1,0.6000000000000001,250,global
DaliJoint,2.0,0.1,0.6000000000000001,5129,global
DaliJoint,2.0,0.1,0.6000000000000001,2681,global
DaliJoint,2.0,0.1,0.6000000000000001,2449,global
DaliJoint,2.0,0.1,0.8,123,global
DaliJoint,2.0,0.1,0.8,154,global
DaliJoint,2.0,0.1,0.8,6823,global
DaliJoint,2.0,0.1,0.8,5929,global
DaliJoint,2.0,0.1,0.8,538,global
DaliJoint,2.0,0.1,0.8,9090,global
DaliJoint,2.0,0.1,0.8,2203,global
DaliJoint,2.0,0.1,0.8,2550,global
DaliJoint,2.0,0.1,0.8,1843,global
DaliJoint,2.0,0.1,0.8,3336,global
DaliJoint,2.0,0.1,0.8,1759,global
DaliJoint,2.0,0.1,0.8,3478,global
DaliJoint,2.0,0.1,0.8,8120,global
DaliJoint,2.0,0.1,0.8,4513,global
DaliJoint,2.0,0.1,0.8,9233,global
DaliJoint,2.0,0.1,0.8,4494,global
DaliJoint,2.0,0.1,0.8,2765,global
DaliJoint,2.0,0.1,0.8,7887,global
DaliJoint,2.0,0.1,0.8,8197,global
DaliJoint,2.0,0.1,0.8,8619,global
DaliJoint,2.0,0.1,0.8,8898,global
DaliJoint,2.0,0.1,0.8,250,global
DaliJoint,2.0,0.1,0.8,5129,global
DaliJoint,2.0,0.1,0.8,2681,global
DaliJoint,2.0,0.1,0.8,2449,global
DaliJoint,2.0,0.1,1.0,123,global
DaliJoint,2.0,0.1,1.0,154,global
DaliJoint,2.0,0.1,1.0,6823,global
DaliJoint,2.0,0.1,1.0,5929,global
DaliJoint,2.0,0.1,1.0,538,global
DaliJoint,2.0,0.1,1.0,9090,global
DaliJoint,2.0,0.1,1.0,2203,global
DaliJoint,2.0,0.1,1.0,2550,global
DaliJoint,2.0,0.1,1.0,1843,global
DaliJoint,2.0,0.1,1.0,3336,global
DaliJoint,2.0,0.1,1.0,1759,global
DaliJoint,2.0,0.1,1.0,3478,global
DaliJoint,2.0,0.1,1.0,8120,global
DaliJoint,2.0,0.1,1.0,4513,global
DaliJoint,2.0,0.1,1.0,9233,global
DaliJoint,2.0,0.1,1.0,4494,global
DaliJoint,2.0,0.1,1.0,2765,global
DaliJoint,2.0,0.1,1.0,7887,global
DaliJoint,2.0,0.1,1.0,8197,global
DaliJoint,2.0,0.1,1.0,8619,global
DaliJoint,2.0,0.1,1.0,8898,global
DaliJoint,2.0,0.1,1.0,250,global
DaliJoint,2.0,0.1,1.0,5129,global
DaliJoint,2.0,0.1,1.0,2681,global
DaliJoint,2.0,0.1,1.0,2449,global
DaliJoint,2.0,0.05,0.0,123,global
DaliJoint,2.0,0.05,0.0,154,global
DaliJoint,2.0,0.05,0.0,6823,global
DaliJoint,2.0,0.05,0.0,5929,global
DaliJoint,2.0,0.05,0.0,538,global
DaliJoint,2.0,0.05,0.0,9090,global
DaliJoint,2.0,0.05,0.0,2203,global
DaliJoint,2.0,0.05,0.0,2550,global
DaliJoint,2.0,0.05,0.0,1843,global
DaliJoint,2.0,0.05,0.0,3336,global
DaliJoint,2.0,0.05,0.0,1759,global
DaliJoint,2.0,0.05,0.0,3478,global
DaliJoint,2.0,0.05,0.0,8120,global
DaliJoint,2.0,0.05,0.0,4513,global
DaliJoint,2.0,0.05,0.0,9233,global
DaliJoint,2.0,0.05,0.0,4494,global
DaliJoint,2.0,0.05,0.0,2765,global
DaliJoint,2.0,0.05,0.0,7887,global
DaliJoint,2.0,0.05,0.0,8197,global
DaliJoint,2.0,0.05,0.0,8619,global
DaliJoint,2.0,0.05,0.0,8898,global
DaliJoint,2.0,0.05,0.0,250,global
DaliJoint,2.0,0.05,0.0,5129,global
DaliJoint,2.0,0.05,0.0,2681,global
DaliJoint,2.0,0.05,0.0,2449,global
DaliJoint,2.0,0.05,0.2,123,global
DaliJoint,2.0,0.05,0.2,154,global
DaliJoint,2.0,0.05,0.2,6823,global
DaliJoint,2.0,0.05,0.2,5929,global
DaliJoint,2.0,0.05,0.2,538,global
DaliJoint,2.0,0.05,0.2,9090,global
DaliJoint,2.0,0.05,0.2,2203,global
DaliJoint,2.0,0.05,0.2,2550,global
DaliJoint,2.0,0.05,0.2,1843,global
DaliJoint,2.0,0.05,0.2,3336,global
DaliJoint,2.0,0.05,0.2,1759,global
DaliJoint,2.0,0.05,0.2,3478,global
DaliJoint,2.0,0.05,0.2,8120,global
DaliJoint,2.0,0.05,0.2,4513,global
DaliJoint,2.0,0.05,0.2,9233,global
DaliJoint,2.0,0.05,0.2,4494,global
DaliJoint,2.0,0.05,0.2,2765,global
DaliJoint,2.0,0.05,0.2,7887,global
DaliJoint,2.0,0.05,0.2,8197,global
DaliJoint,2.0,0.05,0.2,8619,global
DaliJoint,2.0,0.05,0.2,8898,global
DaliJoint,2.0,0.05,0.2,250,global
DaliJoint,2.0,0.05,0.2,5129,global
DaliJoint,2.0,0.05,0.2,2681,global
DaliJoint,2.0,0.05,0.2,2449,global
DaliJoint,2.0,0.05,0.4,123,global
DaliJoint,2.0,0.05,0.4,154,global
DaliJoint,2.0,0.05,0.4,6823,global
DaliJoint,2.0,0.05,0.4,5929,global
DaliJoint,2.0,0.05,0.4,538,global
DaliJoint,2.0,0.05,0.4,9090,global
DaliJoint,2.0,0.05,0.4,2203,global
DaliJoint,2.0,0.05,0.4,2550,global
DaliJoint,2.0,0.05,0.4,1843,global
DaliJoint,2.0,0.05,0.4,3336,global
DaliJoint,2.0,0.05,0.4,1759,global
DaliJoint,2.0,0.05,0.4,3478,global
DaliJoint,2.0,0.05,0.4,8120,global
DaliJoint,2.0,0.05,0.4,4513,global
DaliJoint,2.0,0.05,0.4,9233,global
DaliJoint,2.0,0.05,0.4,4494,global
DaliJoint,2.0,0.05,0.4,2765,global
DaliJoint,2.0,0.05,0.4,7887,global
DaliJoint,2.0,0.05,0.4,8197,global
DaliJoint,2.0,0.05,0.4,8619,global
DaliJoint,2.0,0.05,0.4,8898,global
DaliJoint,2.0,0.05,0.4,250,global
DaliJoint,2.0,0.05,0.4,5129,global
DaliJoint,2.0,0.05,0.4,2681,global
DaliJoint,2.0,0.05,0.4,2449,global
DaliJoint,2.0,0.05,0.6000000000000001,123,global
DaliJoint,2.0,0.05,0.6000000000000001,154,global
DaliJoint,2.0,0.05,0.6000000000000001,6823,global
DaliJoint,2.0,0.05,0.6000000000000001,5929,global
DaliJoint,2.0,0.05,0.6000000000000001,538,global
DaliJoint,2.0,0.05,0.6000000000000001,9090,global
DaliJoint,2.0,0.05,0.6000000000000001,2203,global
DaliJoint,2.0,0.05,0.6000000000000001,2550,global
DaliJoint,2.0,0.05,0.6000000000000001,1843,global
DaliJoint,2.0,0.05,0.6000000000000001,3336,global
DaliJoint,2.0,0.05,0.6000000000000001,1759,global
DaliJoint,2.0,0.05,0.6000000000000001,3478,global
DaliJoint,2.0,0.05,0.6000000000000001,8120,global
DaliJoint,2.0,0.05,0.6000000000000001,4513,global
DaliJoint,2.0,0.05,0.6000000000000001,9233,global
DaliJoint,2.0,0.05,0.6000000000000001,4494,global
DaliJoint,2.0,0.05,0.6000000000000001,2765,global
DaliJoint,2.0,0.05,0.6000000000000001,7887,global
DaliJoint,2.0,0.05,0.6000000000000001,8197,global
DaliJoint,2.0,0.05,0.6000000000000001,8619,global
DaliJoint,2.0,0.05,0.6000000000000001,8898,global
DaliJoint,2.0,0.05,0.6000000000000001,250,global
DaliJoint,2.0,0.05,0.6000000000000001,5129,global
DaliJoint,2.0,0.05,0.6000000000000001,2681,global
DaliJoint,2.0,0.05,0.6000000000000001,2449,global
DaliJoint,2.0,0.05,0.8,123,global
DaliJoint,2.0,0.05,0.8,154,global
DaliJoint,2.0,0.05,0.8,6823,global
DaliJoint,2.0,0.05,0.8,5929,global
DaliJoint,2.0,0.05,0.8,538,global
DaliJoint,2.0,0.05,0.8,9090,global
DaliJoint,2.0,0.05,0.8,2203,global
DaliJoint,2.0,0.05,0.8,2550,global
DaliJoint,2.0,0.05,0.8,1843,global
DaliJoint,2.0,0.05,0.8,3336,global
DaliJoint,2.0,0.05,0.8,1759,global
DaliJoint,2.0,0.05,0.8,3478,global
DaliJoint,2.0,0.05,0.8,8120,global
DaliJoint,2.0,0.05,0.8,4513,global
DaliJoint,2.0,0.05,0.8,9233,global
DaliJoint,2.0,0.05,0.8,4494,global
DaliJoint,2.0,0.05,0.8,2765,global
DaliJoint,2.0,0.05,0.8,7887,global
DaliJoint,2.0,0.05,0.8,8197,global
DaliJoint,2.0,0.05,0.8,8619,global
DaliJoint,2.0,0.05,0.8,8898,global
DaliJoint,2.0,0.05,0.8,250,global
DaliJoint,2.0,0.05,0.8,5129,global
DaliJoint,2.0,0.05,0.8,2681,global
DaliJoint,2.0,0.05,0.8,2449,global
DaliJoint,2.0,0.05,1.0,123,global
DaliJoint,2.0,0.05,1.0,154,global
DaliJoint,2.0,0.05,1.0,6823,global
DaliJoint,2.0,0.05,1.0,5929,global
DaliJoint,2.0,0.05,1.0,538,global
DaliJoint,2.0,0.05,1.0,9090,global
DaliJoint,2.0,0.05,1.0,2203,global
DaliJoint,2.0,0.05,1.0,2550,global
DaliJoint,2.0,0.05,1.0,1843,global
DaliJoint,2.0,0.05,1.0,3336,global
DaliJoint,2.0,0.05,1.0,1759,global
DaliJoint,2.0,0.05,1.0,3478,global
DaliJoint,2.0,0.05,1.0,8120,global
DaliJoint,2.0,0.05,1.0,4513,global
DaliJoint,2.0,0.05,1.0,9233,global
DaliJoint,2.0,0.05,1.0,4494,global
DaliJoint,2.0,0.05,1.0,2765,global
DaliJoint,2.0,0.05,1.0,7887,global
DaliJoint,2.0,0.05,1.0,8197,global
DaliJoint,2.0,0.05,1.0,8619,global
DaliJoint,2.0,0.05,1.0,8898,global
DaliJoint,2.0,0.05,1.0,250,global
DaliJoint,2.0,0.05,1.0,5129,global
DaliJoint,2.0,0.05,1.0,2681,global
DaliJoint,2.0,0.05,1.0,2449,global
DaliJoint,2.0,0.01,0.0,123,global
DaliJoint,2.0,0.01,0.0,154,global
DaliJoint,2.0,0.01,0.0,6823,global
DaliJoint,2.0,0.01,0.0,5929,global
DaliJoint,2.0,0.01,0.0,538,global
DaliJoint,2.0,0.01,0.0,9090,global
DaliJoint,2.0,0.01,0.0,2203,global
DaliJoint,2.0,0.01,0.0,2550,global
DaliJoint,2.0,0.01,0.0,1843,global
DaliJoint,2.0,0.01,0.0,3336,global
DaliJoint,2.0,0.01,0.0,1759,global
DaliJoint,2.0,0.01,0.0,3478,global
DaliJoint,2.0,0.01,0.0,8120,global
DaliJoint,2.0,0.01,0.0,4513,global
DaliJoint,2.0,0.01,0.0,9233,global
DaliJoint,2.0,0.01,0.0,4494,global
DaliJoint,2.0,0.01,0.0,2765,global
DaliJoint,2.0,0.01,0.0,7887,global
DaliJoint,2.0,0.01,0.0,8197,global
DaliJoint,2.0,0.01,0.0,8619,global
DaliJoint,2.0,0.01,0.0,8898,global
DaliJoint,2.0,0.01,0.0,250,global
DaliJoint,2.0,0.01,0.0,5129,global
DaliJoint,2.0,0.01,0.0,2681,global
DaliJoint,2.0,0.01,0.0,2449,global
DaliJoint,2.0,0.01,0.2,123,global
DaliJoint,2.0,0.01,0.2,154,global
DaliJoint,2.0,0.01,0.2,6823,global
DaliJoint,2.0,0.01,0.2,5929,global
DaliJoint,2.0,0.01,0.2,538,global
DaliJoint,2.0,0.01,0.2,9090,global
DaliJoint,2.0,0.01,0.2,2203,global
DaliJoint,2.0,0.01,0.2,2550,global
DaliJoint,2.0,0.01,0.2,1843,global
DaliJoint,2.0,0.01,0.2,3336,global
DaliJoint,2.0,0.01,0.2,1759,global
DaliJoint,2.0,0.01,0.2,3478,global
DaliJoint,2.0,0.01,0.2,8120,global
DaliJoint,2.0,0.01,0.2,4513,global
DaliJoint,2.0,0.01,0.2,9233,global
DaliJoint,2.0,0.01,0.2,4494,global
DaliJoint,2.0,0.01,0.2,2765,global
DaliJoint,2.0,0.01,0.2,7887,global
DaliJoint,2.0,0.01,0.2,8197,global
DaliJoint,2.0,0.01,0.2,8619,global
DaliJoint,2.0,0.01,0.2,8898,global
DaliJoint,2.0,0.01,0.2,250,global
DaliJoint,2.0,0.01,0.2,5129,global
DaliJoint,2.0,0.01,0.2,2681,global
DaliJoint,2.0,0.01,0.2,2449,global
DaliJoint,2.0,0.01,0.4,123,global
DaliJoint,2.0,0.01,0.4,154,global
DaliJoint,2.0,0.01,0.4,6823,global
DaliJoint,2.0,0.01,0.4,5929,global
DaliJoint,2.0,0.01,0.4,538,global
DaliJoint,2.0,0.01,0.4,9090,global
DaliJoint,2.0,0.01,0.4,2203,global
DaliJoint,2.0,0.01,0.4,2550,global
DaliJoint,2.0,0.01,0.4,1843,global
DaliJoint,2.0,0.01,0.4,3336,global
DaliJoint,2.0,0.01,0.4,1759,global
DaliJoint,2.0,0.01,0.4,3478,global
DaliJoint,2.0,0.01,0.4,8120,global
DaliJoint,2.0,0.01,0.4,4513,global
DaliJoint,2.0,0.01,0.4,9233,global
DaliJoint,2.0,0.01,0.4,4494,global
DaliJoint,2.0,0.01,0.4,2765,global
DaliJoint,2.0,0.01,0.4,7887,global
DaliJoint,2.0,0.01,0.4,8197,global
DaliJoint,2.0,0.01,0.4,8619,global
DaliJoint,2.0,0.01,0.4,8898,global
DaliJoint,2.0,0.01,0.4,250,global
DaliJoint,2.0,0.01,0.4,5129,global
DaliJoint,2.0,0.01,0.4,2681,global
DaliJoint,2.0,0.01,0.4,2449,global
DaliJoint,2.0,0.01,0.6000000000000001,123,global
DaliJoint,2.0,0.01,0.6000000000000001,154,global
DaliJoint,2.0,0.01,0.6000000000000001,6823,global
DaliJoint,2.0,0.01,0.6000000000000001,5929,global
DaliJoint,2.0,0.01,0.6000000000000001,538,global
DaliJoint,2.0,0.01,0.6000000000000001,9090,global
DaliJoint,2.0,0.01,0.6000000000000001,2203,global
DaliJoint,2.0,0.01,0.6000000000000001,2550,global
DaliJoint,2.0,0.01,0.6000000000000001,1843,global
DaliJoint,2.0,0.01,0.6000000000000001,3336,global
DaliJoint,2.0,0.01,0.6000000000000001,1759,global
DaliJoint,2.0,0.01,0.6000000000000001,3478,global
DaliJoint,2.0,0.01,0.6000000000000001,8120,global
DaliJoint,2.0,0.01,0.6000000000000001,4513,global
DaliJoint,2.0,0.01,0.6000000000000001,9233,global
DaliJoint,2.0,0.01,0.6000000000000001,4494,global
DaliJoint,2.0,0.01,0.6000000000000001,2765,global
DaliJoint,2.0,0.01,0.6000000000000001,7887,global
DaliJoint,2.0,0.01,0.6000000000000001,8197,global
DaliJoint,2.0,0.01,0.6000000000000001,8619,global
DaliJoint,2.0,0.01,0.6000000000000001,8898,global
DaliJoint,2.0,0.01,0.6000000000000001,250,global
DaliJoint,2.0,0.01,0.6000000000000001,5129,global
DaliJoint,2.0,0.01,0.6000000000000001,2681,global
DaliJoint,2.0,0.01,0.6000000000000001,2449,global
DaliJoint,2.0,0.01,0.8,123,global
DaliJoint,2.0,0.01,0.8,154,global
DaliJoint,2.0,0.01,0.8,6823,global
DaliJoint,2.0,0.01,0.8,5929,global
DaliJoint,2.0,0.01,0.8,538,global
DaliJoint,2.0,0.01,0.8,9090,global
DaliJoint,2.0,0.01,0.8,2203,global
DaliJoint,2.0,0.01,0.8,2550,global
DaliJoint,2.0,0.01,0.8,1843,global
DaliJoint,2.0,0.01,0.8,3336,global
DaliJoint,2.0,0.01,0.8,1759,global
DaliJoint,2.0,0.01,0.8,3478,global
DaliJoint,2.0,0.01,0.8,8120,global
DaliJoint,2.0,0.01,0.8,4513,global
DaliJoint,2.0,0.01,0.8,9233,global
DaliJoint,2.0,0.01,0.8,4494,global
DaliJoint,2.0,0.01,0.8,2765,global
DaliJoint,2.0,0.01,0.8,7887,global
DaliJoint,2.0,0.01,0.8,8197,global
DaliJoint,2.0,0.01,0.8,8619,global
DaliJoint,2.0,0.01,0.8,8898,global
DaliJoint,2.0,0.01,0.8,250,global
DaliJoint,2.0,0.01,0.8,5129,global
DaliJoint,2.0,0.01,0.8,2681,global
DaliJoint,2.0,0.01,0.8,2449,global
DaliJoint,2.0,0.01,1.0,123,global
DaliJoint,2.0,0.01,1.0,154,global
DaliJoint,2.0,0.01,1.0,6823,global
DaliJoint,2.0,0.01,1.0,5929,global
DaliJoint,2.0,0.01,1.0,538,global
DaliJoint,2.0,0.01,1.0,9090,global
DaliJoint,2.0,0.01,1.0,2203,global
DaliJoint,2.0,0.01,1.0,2550,global
DaliJoint,2.0,0.01,1.0,1843,global
DaliJoint,2.0,0.01,1.0,3336,global
DaliJoint,2.0,0.01,1.0,1759,global
DaliJoint,2.0,0.01,1.0,3478,global
DaliJoint,2.0,0.01,1.0,8120,global
DaliJoint,2.0,0.01,1.0,4513,global
DaliJoint,2.0,0.01,1.0,9233,global
DaliJoint,2.0,0.01,1.0,4494,global
DaliJoint,2.0,0.01,1.0,2765,global
DaliJoint,2.0,0.01,1.0,7887,global
DaliJoint,2.0,0.01,1.0,8197,global
DaliJoint,2.0,0.01,1.0,8619,global
DaliJoint,2.0,0.01,1.0,8898,global
DaliJoint,2.0,0.01,1.0,250,global
DaliJoint,2.0,0.01,1.0,5129,global
DaliJoint,2.0,0.01,1.0,2681,global
DaliJoint,2.0,0.01,1.0,2449,global
DaliJoint,5.0,0.1,0.0,123,global
DaliJoint,5.0,0.1,0.0,154,global
DaliJoint,5.0,0.1,0.0,6823,global
DaliJoint,5.0,0.1,0.0,5929,global
DaliJoint,5.0,0.1,0.0,538,global
DaliJoint,5.0,0.1,0.0,9090,global
DaliJoint,5.0,0.1,0.0,2203,global
DaliJoint,5.0,0.1,0.0,2550,global
DaliJoint,5.0,0.1,0.0,1843,global
DaliJoint,5.0,0.1,0.0,3336,global
DaliJoint,5.0,0.1,0.0,1759,global
DaliJoint,5.0,0.1,0.0,3478,global
DaliJoint,5.0,0.1,0.0,8120,global
DaliJoint,5.0,0.1,0.0,4513,global
DaliJoint,5.0,0.1,0.0,9233,global
DaliJoint,5.0,0.1,0.0,4494,global
DaliJoint,5.0,0.1,0.0,2765,global
DaliJoint,5.0,0.1,0.0,7887,global
DaliJoint,5.0,0.1,0.0,8197,global
DaliJoint,5.0,0.1,0.0,8619,global
DaliJoint,5.0,0.1,0.0,8898,global
DaliJoint,5.0,0.1,0.0,250,global
DaliJoint,5.0,0.1,0.0,5129,global
DaliJoint,5.0,0.1,0.0,2681,global
DaliJoint,5.0,0.1,0.0,2449,global
DaliJoint,5.0,0.1,0.2,123,global
DaliJoint,5.0,0.1,0.2,154,global
DaliJoint,5.0,0.1,0.2,6823,global
DaliJoint,5.0,0.1,0.2,5929,global
DaliJoint,5.0,0.1,0.2,538,global
DaliJoint,5.0,0.1,0.2,9090,global
DaliJoint,5.0,0.1,0.2,2203,global
DaliJoint,5.0,0.1,0.2,2550,global
DaliJoint,5.0,0.1,0.2,1843,global
DaliJoint,5.0,0.1,0.2,3336,global
DaliJoint,5.0,0.1,0.2,1759,global
DaliJoint,5.0,0.1,0.2,3478,global
DaliJoint,5.0,0.1,0.2,8120,global
DaliJoint,5.0,0.1,0.2,4513,global
DaliJoint,5.0,0.1,0.2,9233,global
DaliJoint,5.0,0.1,0.2,4494,global
DaliJoint,5.0,0.1,0.2,2765,global
DaliJoint,5.0,0.1,0.2,7887,global
DaliJoint,5.0,0.1,0.2,8197,global
DaliJoint,5.0,0.1,0.2,8619,global
DaliJoint,5.0,0.1,0.2,8898,global
DaliJoint,5.0,0.1,0.2,250,global
DaliJoint,5.0,0.1,0.2,5129,global
DaliJoint,5.0,0.1,0.2,2681,global
DaliJoint,5.0,0.1,0.2,2449,global
DaliJoint,5.0,0.1,0.4,123,global
DaliJoint,5.0,0.1,0.4,154,global
DaliJoint,5.0,0.1,0.4,6823,global
DaliJoint,5.0,0.1,0.4,5929,global
DaliJoint,5.0,0.1,0.4,538,global
DaliJoint,5.0,0.1,0.4,9090,global
DaliJoint,5.0,0.1,0.4,2203,global
DaliJoint,5.0,0.1,0.4,2550,global
DaliJoint,5.0,0.1,0.4,1843,global
DaliJoint,5.0,0.1,0.4,3336,global
DaliJoint,5.0,0.1,0.4,1759,global
DaliJoint,5.0,0.1,0.4,3478,global
DaliJoint,5.0,0.1,0.4,8120,global
DaliJoint,5.0,0.1,0.4,4513,global
DaliJoint,5.0,0.1,0.4,9233,global
DaliJoint,5.0,0.1,0.4,4494,global
DaliJoint,5.0,0.1,0.4,2765,global
DaliJoint,5.0,0.1,0.4,7887,global
DaliJoint,5.0,0.1,0.4,8197,global
DaliJoint,5.0,0.1,0.4,8619,global
DaliJoint,5.0,0.1,0.4,8898,global
DaliJoint,5.0,0.1,0.4,250,global
DaliJoint,5.0,0.1,0.4,5129,global
DaliJoint,5.0,0.1,0.4,2681,global
DaliJoint,5.0,0.1,0.4,2449,global
DaliJoint,5.0,0.1,0.6000000000000001,123,global
DaliJoint,5.0,0.1,0.6000000000000001,154,global
DaliJoint,5.0,0.1,0.6000000000000001,6823,global
DaliJoint,5.0,0.1,0.6000000000000001,5929,global
DaliJoint,5.0,0.1,0.6000000000000001,538,global
DaliJoint,5.0,0.1,0.6000000000000001,9090,global
DaliJoint,5.0,0.1,0.6000000000000001,2203,global
DaliJoint,5.0,0.1,0.6000000000000001,2550,global
DaliJoint,5.0,0.1,0.6000000000000001,1843,global
DaliJoint,5.0,0.1,0.6000000000000001,3336,global
DaliJoint,5.0,0.1,0.6000000000000001,1759,global
DaliJoint,5.0,0.1,0.6000000000000001,3478,global
DaliJoint,5.0,0.1,0.6000000000000001,8120,global
DaliJoint,5.0,0.1,0.6000000000000001,4513,global
DaliJoint,5.0,0.1,0.6000000000000001,9233,global
DaliJoint,5.0,0.1,0.6000000000000001,4494,global
DaliJoint,5.0,0.1,0.6000000000000001,2765,global
DaliJoint,5.0,0.1,0.6000000000000001,7887,global
DaliJoint,5.0,0.1,0.6000000000000001,8197,global
DaliJoint,5.0,0.1,0.6000000000000001,8619,global
DaliJoint,5.0,0.1,0.6000000000000001,8898,global
DaliJoint,5.0,0.1,0.6000000000000001,250,global
DaliJoint,5.0,0.1,0.6000000000000001,5129,global
DaliJoint,5.0,0.1,0.6000000000000001,2681,global
DaliJoint,5.0,0.1,0.6000000000000001,2449,global
DaliJoint,5.0,0.1,0.8,123,global
DaliJoint,5.0,0.1,0.8,154,global
DaliJoint,5.0,0.1,0.8,6823,global
DaliJoint,5.0,0.1,0.8,5929,global
DaliJoint,5.0,0.1,0.8,538,global
DaliJoint,5.0,0.1,0.8,9090,global
DaliJoint,5.0,0.1,0.8,2203,global
DaliJoint,5.0,0.1,0.8,2550,global
DaliJoint,5.0,0.1,0.8,1843,global
DaliJoint,5.0,0.1,0.8,3336,global
DaliJoint,5.0,0.1,0.8,1759,global
DaliJoint,5.0,0.1,0.8,3478,global
DaliJoint,5.0,0.1,0.8,8120,global
DaliJoint,5.0,0.1,0.8,4513,global
DaliJoint,5.0,0.1,0.8,9233,global
DaliJoint,5.0,0.1,0.8,4494,global
DaliJoint,5.0,0.1,0.8,2765,global
DaliJoint,5.0,0.1,0.8,7887,global
DaliJoint,5.0,0.1,0.8,8197,global
DaliJoint,5.0,0.1,0.8,8619,global
DaliJoint,5.0,0.1,0.8,8898,global
DaliJoint,5.0,0.1,0.8,250,global
DaliJoint,5.0,0.1,0.8,5129,global
DaliJoint,5.0,0.1,0.8,2681,global
DaliJoint,5.0,0.1,0.8,2449,global
DaliJoint,5.0,0.1,1.0,123,global
DaliJoint,5.0,0.1,1.0,154,global
DaliJoint,5.0,0.1,1.0,6823,global
DaliJoint,5.0,0.1,1.0,5929,global
DaliJoint,5.0,0.1,1.0,538,global
DaliJoint,5.0,0.1,1.0,9090,global
DaliJoint,5.0,0.1,1.0,2203,global
DaliJoint,5.0,0.1,1.0,2550,global
DaliJoint,5.0,0.1,1.0,1843,global
DaliJoint,5.0,0.1,1.0,3336,global
DaliJoint,5.0,0.1,1.0,1759,global
DaliJoint,5.0,0.1,1.0,3478,global
DaliJoint,5.0,0.1,1.0,8120,global
DaliJoint,5.0,0.1,1.0,4513,global
DaliJoint,5.0,0.1,1.0,9233,global
DaliJoint,5.0,0.1,1.0,4494,global
DaliJoint,5.0,0.1,1.0,2765,global
DaliJoint,5.0,0.1,1.0,7887,global
DaliJoint,5.0,0.1,1.0,8197,global
DaliJoint,5.0,0.1,1.0,8619,global
DaliJoint,5.0,0.1,1.0,8898,global
DaliJoint,5.0,0.1,1.0,250,global
DaliJoint,5.0,0.1,1.0,5129,global
DaliJoint,5.0,0.1,1.0,2681,global
DaliJoint,5.0,0.1,1.0,2449,global
DaliJoint,5.0,0.05,0.0,123,global
DaliJoint,5.0,0.05,0.0,154,global
DaliJoint,5.0,0.05,0.0,6823,global
DaliJoint,5.0,0.05,0.0,5929,global
DaliJoint,5.0,0.05,0.0,538,global
DaliJoint,5.0,0.05,0.0,9090,global
DaliJoint,5.0,0.05,0.0,2203,global
DaliJoint,5.0,0.05,0.0,2550,global
DaliJoint,5.0,0.05,0.0,1843,global
DaliJoint,5.0,0.05,0.0,3336,global
DaliJoint,5.0,0.05,0.0,1759,global
DaliJoint,5.0,0.05,0.0,3478,global
DaliJoint,5.0,0.05,0.0,8120,global
DaliJoint,5.0,0.05,0.0,4513,global
DaliJoint,5.0,0.05,0.0,9233,global
DaliJoint,5.0,0.05,0.0,4494,global
DaliJoint,5.0,0.05,0.0,2765,global
DaliJoint,5.0,0.05,0.0,7887,global
DaliJoint,5.0,0.05,0.0,8197,global
DaliJoint,5.0,0.05,0.0,8619,global
DaliJoint,5.0,0.05,0.0,8898,global
DaliJoint,5.0,0.05,0.0,250,global
DaliJoint,5.0,0.05,0.0,5129,global
DaliJoint,5.0,0.05,0.0,2681,global
DaliJoint,5.0,0.05,0.0,2449,global
DaliJoint,5.0,0.05,0.2,123,global
DaliJoint,5.0,0.05,0.2,154,global
DaliJoint,5.0,0.05,0.2,6823,global
DaliJoint,5.0,0.05,0.2,5929,global
DaliJoint,5.0,0.05,0.2,538,global
DaliJoint,5.0,0.05,0.2,9090,global
DaliJoint,5.0,0.05,0.2,2203,global
DaliJoint,5.0,0.05,0.2,2550,global
DaliJoint,5.0,0.05,0.2,1843,global
DaliJoint,5.0,0.05,0.2,3336,global
DaliJoint,5.0,0.05,0.2,1759,global
DaliJoint,5.0,0.05,0.2,3478,global
DaliJoint,5.0,0.05,0.2,8120,global
DaliJoint,5.0,0.05,0.2,4513,global
DaliJoint,5.0,0.05,0.2,9233,global
DaliJoint,5.0,0.05,0.2,4494,global
DaliJoint,5.0,0.05,0.2,2765,global
DaliJoint,5.0,0.05,0.2,7887,global
DaliJoint,5.0,0.05,0.2,8197,global
DaliJoint,5.0,0.05,0.2,8619,global
DaliJoint,5.0,0.05,0.2,8898,global
DaliJoint,5.0,0.05,0.2,250,global
DaliJoint,5.0,0.05,0.2,5129,global
DaliJoint,5.0,0.05,0.2,2681,global
DaliJoint,5.0,0.05,0.2,2449,global
DaliJoint,5.0,0.05,0.4,123,global
DaliJoint,5.0,0.05,0.4,154,global
DaliJoint,5.0,0.05,0.4,6823,global
DaliJoint,5.0,0.05,0.4,5929,global
DaliJoint,5.0,0.05,0.4,538,global
DaliJoint,5.0,0.05,0.4,9090,global
DaliJoint,5.0,0.05,0.4,2203,global
DaliJoint,5.0,0.05,0.4,2550,global
DaliJoint,5.0,0.05,0.4,1843,global
DaliJoint,5.0,0.05,0.4,3336,global
DaliJoint,5.0,0.05,0.4,1759,global
DaliJoint,5.0,0.05,0.4,3478,global
DaliJoint,5.0,0.05,0.4,8120,global
DaliJoint,5.0,0.05,0.4,4513,global
DaliJoint,5.0,0.05,0.4,9233,global
DaliJoint,5.0,0.05,0.4,4494,global
DaliJoint,5.0,0.05,0.4,2765,global
DaliJoint,5.0,0.05,0.4,7887,global
DaliJoint,5.0,0.05,0.4,8197,global
DaliJoint,5.0,0.05,0.4,8619,global
DaliJoint,5.0,0.05,0.4,8898,global
DaliJoint,5.0,0.05,0.4,250,global
DaliJoint,5.0,0.05,0.4,5129,global
DaliJoint,5.0,0.05,0.4,2681,global
DaliJoint,5.0,0.05,0.4,2449,global
DaliJoint,5.0,0.05,0.6000000000000001,123,global
DaliJoint,5.0,0.05,0.6000000000000001,154,global
DaliJoint,5.0,0.05,0.6000000000000001,6823,global
DaliJoint,5.0,0.05,0.6000000000000001,5929,global
DaliJoint,5.0,0.05,0.6000000000000001,538,global
DaliJoint,5.0,0.05,0.6000000000000001,9090,global
DaliJoint,5.0,0.05,0.6000000000000001,2203,global
DaliJoint,5.0,0.05,0.6000000000000001,2550,global
DaliJoint,5.0,0.05,0.6000000000000001,1843,global
DaliJoint,5.0,0.05,0.6000000000000001,3336,global
DaliJoint,5.0,0.05,0.6000000000000001,1759,global
DaliJoint,5.0,0.05,0.6000000000000001,3478,global
DaliJoint,5.0,0.05,0.6000000000000001,8120,global
DaliJoint,5.0,0.05,0.6000000000000001,4513,global
DaliJoint,5.0,0.05,0.6000000000000001,9233,global
DaliJoint,5.0,0.05,0.6000000000000001,4494,global
DaliJoint,5.0,0.05,0.6000000000000001,2765,global
DaliJoint,5.0,0.05,0.6000000000000001,7887,global
DaliJoint,5.0,0.05,0.6000000000000001,8197,global
DaliJoint,5.0,0.05,0.6000000000000001,8619,global
DaliJoint,5.0,0.05,0.6000000000000001,8898,global
DaliJoint,5.0,0.05,0.6000000000000001,250,global
DaliJoint,5.0,0.05,0.6000000000000001,5129,global
DaliJoint,5.0,0.05,0.6000000000000001,2681,global
DaliJoint,5.0,0.05,0.6000000000000001,2449,global
DaliJoint,5.0,0.05,0.8,123,global
DaliJoint,5.0,0.05,0.8,154,global
DaliJoint,5.0,0.05,0.8,6823,global
DaliJoint,5.0,0.05,0.8,5929,global
DaliJoint,5.0,0.05,0.8,538,global
DaliJoint,5.0,0.05,0.8,9090,global
DaliJoint,5.0,0.05,0.8,2203,global
DaliJoint,5.0,0.05,0.8,2550,global
DaliJoint,5.0,0.05,0.8,1843,global
DaliJoint,5.0,0.05,0.8,3336,global
DaliJoint,5.0,0.05,0.8,1759,global
DaliJoint,5.0,0.05,0.8,3478,global
DaliJoint,5.0,0.05,0.8,8120,global
DaliJoint,5.0,0.05,0.8,4513,global
DaliJoint,5.0,0.05,0.8,9233,global
DaliJoint,5.0,0.05,0.8,4494,global
DaliJoint,5.0,0.05,0.8,2765,global
DaliJoint,5.0,0.05,0.8,7887,global
DaliJoint,5.0,0.05,0.8,8197,global
DaliJoint,5.0,0.05,0.8,8619,global
DaliJoint,5.0,0.05,0.8,8898,global
DaliJoint,5.0,0.05,0.8,250,global
DaliJoint,5.0,0.05,0.8,5129,global
DaliJoint,5.0,0.05,0.8,2681,global
DaliJoint,5.0,0.05,0.8,2449,global
DaliJoint,5.0,0.05,1.0,123,global
DaliJoint,5.0,0.05,1.0,154,global
DaliJoint,5.0,0.05,1.0,6823,global
DaliJoint,5.0,0.05,1.0,5929,global
DaliJoint,5.0,0.05,1.0,538,global
DaliJoint,5.0,0.05,1.0,9090,global
DaliJoint,5.0,0.05,1.0,2203,global
DaliJoint,5.0,0.05,1.0,2550,global
DaliJoint,5.0,0.05,1.0,1843,global
DaliJoint,5.0,0.05,1.0,3336,global
DaliJoint,5.0,0.05,1.0,1759,global
DaliJoint,5.0,0.05,1.0,3478,global
DaliJoint,5.0,0.05,1.0,8120,global
DaliJoint,5.0,0.05,1.0,4513,global
DaliJoint,5.0,0.05,1.0,9233,global
DaliJoint,5.0,0.05,1.0,4494,global
DaliJoint,5.0,0.05,1.0,2765,global
DaliJoint,5.0,0.05,1.0,7887,global
DaliJoint,5.0,0.05,1.0,8197,global
DaliJoint,5.0,0.05,1.0,8619,global
DaliJoint,5.0,0.05,1.0,8898,global
DaliJoint,5.0,0.05,1.0,250,global
DaliJoint,5.0,0.05,1.0,5129,global
DaliJoint,5.0,0.05,1.0,2681,global
DaliJoint,5.0,0.05,1.0,2449,global
DaliJoint,5.0,0.01,0.0,123,global
DaliJoint,5.0,0.01,0.0,154,global
DaliJoint,5.0,0.01,0.0,6823,global
DaliJoint,5.0,0.01,0.0,5929,global
DaliJoint,5.0,0.01,0.0,538,global
DaliJoint,5.0,0.01,0.0,9090,global
DaliJoint,5.0,0.01,0.0,2203,global
DaliJoint,5.0,0.01,0.0,2550,global
DaliJoint,5.0,0.01,0.0,1843,global
DaliJoint,5.0,0.01,0.0,3336,global
DaliJoint,5.0,0.01,0.0,1759,global
DaliJoint,5.0,0.01,0.0,3478,global
DaliJoint,5.0,0.01,0.0,8120,global
DaliJoint,5.0,0.01,0.0,4513,global
DaliJoint,5.0,0.01,0.0,9233,global
DaliJoint,5.0,0.01,0.0,4494,global
DaliJoint,5.0,0.01,0.0,2765,global
DaliJoint,5.0,0.01,0.0,7887,global
DaliJoint,5.0,0.01,0.0,8197,global
DaliJoint,5.0,0.01,0.0,8619,global
DaliJoint,5.0,0.01,0.0,8898,global
DaliJoint,5.0,0.01,0.0,250,global
DaliJoint,5.0,0.01,0.0,5129,global
DaliJoint,5.0,0.01,0.0,2681,global
DaliJoint,5.0,0.01,0.0,2449,global
DaliJoint,5.0,0.01,0.2,123,global
DaliJoint,5.0,0.01,0.2,154,global
DaliJoint,5.0,0.01,0.2,6823,global
DaliJoint,5.0,0.01,0.2,5929,global
DaliJoint,5.0,0.01,0.2,538,global
DaliJoint,5.0,0.01,0.2,9090,global
DaliJoint,5.0,0.01,0.2,2203,global
DaliJoint,5.0,0.01,0.2,2550,global
DaliJoint,5.0,0.01,0.2,1843,global
DaliJoint,5.0,0.01,0.2,3336,global
DaliJoint,5.0,0.01,0.2,1759,global
DaliJoint,5.0,0.01,0.2,3478,global
DaliJoint,5.0,0.01,0.2,8120,global
DaliJoint,5.0,0.01,0.2,4513,global
DaliJoint,5.0,0.01,0.2,9233,global
DaliJoint,5.0,0.01,0.2,4494,global
DaliJoint,5.0,0.01,0.2,2765,global
DaliJoint,5.0,0.01,0.2,7887,global
DaliJoint,5.0,0.01,0.2,8197,global
DaliJoint,5.0,0.01,0.2,8619,global
DaliJoint,5.0,0.01,0.2,8898,global
DaliJoint,5.0,0.01,0.2,250,global
DaliJoint,5.0,0.01,0.2,5129,global
DaliJoint,5.0,0.01,0.2,2681,global
DaliJoint,5.0,0.01,0.2,2449,global
DaliJoint,5.0,0.01,0.4,123,global
DaliJoint,5.0,0.01,0.4,154,global
DaliJoint,5.0,0.01,0.4,6823,global
DaliJoint,5.0,0.01,0.4,5929,global
DaliJoint,5.0,0.01,0.4,538,global
DaliJoint,5.0,0.01,0.4,9090,global
DaliJoint,5.0,0.01,0.4,2203,global
DaliJoint,5.0,0.01,0.4,2550,global
DaliJoint,5.0,0.01,0.4,1843,global
DaliJoint,5.0,0.01,0.4,3336,global
DaliJoint,5.0,0.01,0.4,1759,global
DaliJoint,5.0,0.01,0.4,3478,global
DaliJoint,5.0,0.01,0.4,8120,global
DaliJoint,5.0,0.01,0.4,4513,global
DaliJoint,5.0,0.01,0.4,9233,global
DaliJoint,5.0,0.01,0.4,4494,global
DaliJoint,5.0,0.01,0.4,2765,global
DaliJoint,5.0,0.01,0.4,7887,global
DaliJoint,5.0,0.01,0.4,8197,global
DaliJoint,5.0,0.01,0.4,8619,global
DaliJoint,5.0,0.01,0.4,8898,global
DaliJoint,5.0,0.01,0.4,250,global
DaliJoint,5.0,0.01,0.4,5129,global
DaliJoint,5.0,0.01,0.4,2681,global
DaliJoint,5.0,0.01,0.4,2449,global
DaliJoint,5.0,0.01,0.6000000000000001,123,global
DaliJoint,5.0,0.01,0.6000000000000001,154,global
DaliJoint,5.0,0.01,0.6000000000000001,6823,global
DaliJoint,5.0,0.01,0.6000000000000001,5929,global
DaliJoint,5.0,0.01,0.6000000000000001,538,global
DaliJoint,5.0,0.01,0.6000000000000001,9090,global
DaliJoint,5.0,0.01,0.6000000000000001,2203,global
DaliJoint,5.0,0.01,0.6000000000000001,2550,global
DaliJoint,5.0,0.01,0.6000000000000001,1843,global
DaliJoint,5.0,0.01,0.6000000000000001,3336,global
DaliJoint,5.0,0.01,0.6000000000000001,1759,global
DaliJoint,5.0,0.01,0.6000000000000001,3478,global
DaliJoint,5.0,0.01,0.6000000000000001,8120,global
DaliJoint,5.0,0.01,0.6000000000000001,4513,global
DaliJoint,5.0,0.01,0.6000000000000001,9233,global
DaliJoint,5.0,0.01,0.6000000000000001,4494,global
DaliJoint,5.0,0.01,0.6000000000000001,2765,global
DaliJoint,5.0,0.01,0.6000000000000001,7887,global
DaliJoint,5.0,0.01,0.6000000000000001,8197,global
DaliJoint,5.0,0.01,0.6000000000000001,8619,global
DaliJoint,5.0,0.01,0.6000000000000001,8898,global
DaliJoint,5.0,0.01,0.6000000000000001,250,global
DaliJoint,5.0,0.01,0.6000000000000001,5129,global
DaliJoint,5.0,0.01,0.6000000000000001,2681,global
DaliJoint,5.0,0.01,0.6000000000000001,2449,global
DaliJoint,5.0,0.01,0.8,123,global
DaliJoint,5.0,0.01,0.8,154,global
DaliJoint,5.0,0.01,0.8,6823,global
DaliJoint,5.0,0.01,0.8,5929,global
DaliJoint,5.0,0.01,0.8,538,global
DaliJoint,5.0,0.01,0.8,9090,global
DaliJoint,5.0,0.01,0.8,2203,global
DaliJoint,5.0,0.01,0.8,2550,global
DaliJoint,5.0,0.01,0.8,1843,global
DaliJoint,5.0,0.01,0.8,3336,global
DaliJoint,5.0,0.01,0.8,1759,global
DaliJoint,5.0,0.01,0.8,3478,global
DaliJoint,5.0,0.01,0.8,8120,global
DaliJoint,5.0,0.01,0.8,4513,global
DaliJoint,5.0,0.01,0.8,9233,global
DaliJoint,5.0,0.01,0.8,4494,global
DaliJoint,5.0,0.01,0.8,2765,global
DaliJoint,5.0,0.01,0.8,7887,global
DaliJoint,5.0,0.01,0.8,8197,global
DaliJoint,5.0,0.01,0.8,8619,global
DaliJoint,5.0,0.01,0.8,8898,global
DaliJoint,5.0,0.01,0.8,250,global
DaliJoint,5.0,0.01,0.8,5129,global
DaliJoint,5.0,0.01,0.8,2681,global
DaliJoint,5.0,0.01,0.8,2449,global
DaliJoint,5.0,0.01,1.0,123,global
DaliJoint,5.0,0.01,1.0,154,global
DaliJoint,5.0,0.01,1.0,6823,global
DaliJoint,5.0,0.01,1.0,5929,global
DaliJoint,5.0,0.01,1.0,538,global
DaliJoint,5.0,0.01,1.0,9090,global
DaliJoint,5.0,0.01,1.0,2203,global
DaliJoint,5.0,0.01,1.0,2550,global
DaliJoint,5.0,0.01,1.0,1843,global
DaliJoint,5.0,0.01,1.0,3336,global
DaliJoint,5.0,0.01,1.0,1759,global
DaliJoint,5.0,0.01,1.0,3478,global
DaliJoint,5.0,0.01,1.0,8120,global
DaliJoint,5.0,0.01,1.0,4513,global
DaliJoint,5.0,0.01,1.0,9233,global
DaliJoint,5.0,0.01,1.0,4494,global
DaliJoint,5.0,0.01,1.0,2765,global
DaliJoint,5.0,0.01,1.0,7887,global
DaliJoint,5.0,0.01,1.0,8197,global
DaliJoint,5.0,0.01,1.0,8619,global
DaliJoint,5.0,0.01,1.0,8898,global
DaliJoint,5.0,0.01,1.0,250,global
DaliJoint,5.0,0.01,1.0,5129,global
DaliJoint,5.0,0.01,1.0,2681,global
DaliJoint,5.0,0.01,1.0,2449,global
DaliHet,2.0,0.1,0.0,123,global
DaliHet,2.0,0.1,0.0,154,global
DaliHet,2.0,0.1,0.0,6823,global
DaliHet,2.0,0.1,0.0,5929,global
DaliHet,2.0,0.1,0.0,538,global
DaliHet,2.0,0.1,0.0,9090,global
DaliHet,2.0,0.1,0.0,2203,global
DaliHet,2.0,0.1,0.0,2550,global
DaliHet,2.0,0.1,0.0,1843,global
DaliHet,2.0,0.1,0.0,3336,global
DaliHet,2.0,0.1,0.0,1759,global
DaliHet,2.0,0.1,0.0,3478,global
DaliHet,2.0,0.1,0.0,8120,global
DaliHet,2.0,0.1,0.0,4513,global
DaliHet,2.0,0.1,0.0,9233,global
DaliHet,2.0,0.1,0.0,4494,global
DaliHet,2.0,0.1,0.0,2765,global
DaliHet,2.0,0.1,0.0,7887,global
DaliHet,2.0,0.1,0.0,8197,global
DaliHet,2.0,0.1,0.0,8619,global
DaliHet,2.0,0.1,0.0,8898,global
DaliHet,2.0,0.1,0.0,250,global
DaliHet,2.0,0.1,0.0,5129,global
DaliHet,2.0,0.1,0.0,2681,global
DaliHet,2.0,0.1,0.0,2449,global
DaliHet,2.0,0.1,0.2,123,global
DaliHet,2.0,0.1,0.2,154,global
DaliHet,2.0,0.1,0.2,6823,global
DaliHet,2.0,0.1,0.2,5929,global
DaliHet,2.0,0.1,0.2,538,global
DaliHet,2.0,0.1,0.2,9090,global
DaliHet,2.0,0.1,0.2,2203,global
DaliHet,2.0,0.1,0.2,2550,global
DaliHet,2.0,0.1,0.2,1843,global
DaliHet,2.0,0.1,0.2,3336,global
DaliHet,2.0,0.1,0.2,1759,global
DaliHet,2.0,0.1,0.2,3478,global
DaliHet,2.0,0.1,0.2,8120,global
DaliHet,2.0,0.1,0.2,4513,global
DaliHet,2.0,0.1,0.2,9233,global
DaliHet,2.0,0.1,0.2,4494,global
DaliHet,2.0,0.1,0.2,2765,global
DaliHet,2.0,0.1,0.2,7887,global
DaliHet,2.0,0.1,0.2,8197,global
DaliHet,2.0,0.1,0.2,8619,global
DaliHet,2.0,0.1,0.2,8898,global
DaliHet,2.0,0.1,0.2,250,global
DaliHet,2.0,0.1,0.2,5129,global
DaliHet,2.0,0.1,0.2,2681,global
DaliHet,2.0,0.1,0.2,2449,global
DaliHet,2.0,0.1,0.4,123,global
DaliHet,2.0,0.1,0.4,154,global
DaliHet,2.0,0.1,0.4,6823,global
DaliHet,2.0,0.1,0.4,5929,global
DaliHet,2.0,0.1,0.4,538,global
DaliHet,2.0,0.1,0.4,9090,global
DaliHet,2.0,0.1,0.4,2203,global
DaliHet,2.0,0.1,0.4,2550,global
DaliHet,2.0,0.1,0.4,1843,global
DaliHet,2.0,0.1,0.4,3336,global
DaliHet,2.0,0.1,0.4,1759,global
DaliHet,2.0,0.1,0.4,3478,global
DaliHet,2.0,0.1,0.4,8120,global
DaliHet,2.0,0.1,0.4,4513,global
DaliHet,2.0,0.1,0.4,9233,global
DaliHet,2.0,0.1,0.4,4494,global
DaliHet,2.0,0.1,0.4,2765,global
DaliHet,2.0,0.1,0.4,7887,global
DaliHet,2.0,0.1,0.4,8197,global
DaliHet,2.0,0.1,0.4,8619,global
DaliHet,2.0,0.1,0.4,8898,global
DaliHet,2.0,0.1,0.4,250,global
DaliHet,2.0,0.1,0.4,5129,global
DaliHet,2.0,0.1,0.4,2681,global
DaliHet,2.0,0.1,0.4,2449,global
DaliHet,2.0,0.1,0.6000000000000001,123,global
DaliHet,2.0,0.1,0.6000000000000001,154,global
DaliHet,2.0,0.1,0.6000000000000001,6823,global
DaliHet,2.0,0.1,0.6000000000000001,5929,global
DaliHet,2.0,0.1,0.6000000000000001,538,global
DaliHet,2.0,0.1,0.6000000000000001,9090,global
DaliHet,2.0,0.1,0.6000000000000001,2203,global
DaliHet,2.0,0.1,0.6000000000000001,2550,global
DaliHet,2.0,0.1,0.6000000000000001,1843,global
DaliHet,2.0,0.1,0.6000000000000001,3336,global
DaliHet,2.0,0.1,0.6000000000000001,1759,global
DaliHet,2.0,0.1,0.6000000000000001,3478,global
DaliHet,2.0,0.1,0.6000000000000001,8120,global
DaliHet,2.0,0.1,0.6000000000000001,4513,global
DaliHet,2.0,0.1,0.6000000000000001,9233,global
DaliHet,2.0,0.1,0.6000000000000001,4494,global
DaliHet,2.0,0.1,0.6000000000000001,2765,global
DaliHet,2.0,0.1,0.6000000000000001,7887,global
DaliHet,2.0,0.1,0.6000000000000001,8197,global
DaliHet,2.0,0.1,0.6000000000000001,8619,global
DaliHet,2.0,0.1,0.6000000000000001,8898,global
DaliHet,2.0,0.1,0.6000000000000001,250,global
DaliHet,2.0,0.1,0.6000000000000001,5129,global
DaliHet,2.0,0.1,0.6000000000000001,2681,global
DaliHet,2.0,0.1,0.6000000000000001,2449,global
DaliHet,2.0,0.1,0.8,123,global
DaliHet,2.0,0.1,0.8,154,global
DaliHet,2.0,0.1,0.8,6823,global
DaliHet,2.0,0.1,0.8,5929,global
DaliHet,2.0,0.1,0.8,538,global
DaliHet,2.0,0.1,0.8,9090,global
DaliHet,2.0,0.1,0.8,2203,global
DaliHet,2.0,0.1,0.8,2550,global
DaliHet,2.0,0.1,0.8,1843,global
DaliHet,2.0,0.1,0.8,3336,global
DaliHet,2.0,0.1,0.8,1759,global
DaliHet,2.0,0.1,0.8,3478,global
DaliHet,2.0,0.1,0.8,8120,global
DaliHet,2.0,0.1,0.8,4513,global
DaliHet,2.0,0.1,0.8,9233,global
DaliHet,2.0,0.1,0.8,4494,global
DaliHet,2.0,0.1,0.8,2765,global
DaliHet,2.0,0.1,0.8,7887,global
DaliHet,2.0,0.1,0.8,8197,global
DaliHet,2.0,0.1,0.8,8619,global
DaliHet,2.0,0.1,0.8,8898,global
DaliHet,2.0,0.1,0.8,250,global
DaliHet,2.0,0.1,0.8,5129,global
DaliHet,2.0,0.1,0.8,2681,global
DaliHet,2.0,0.1,0.8,2449,global
DaliHet,2.0,0.1,1.0,123,global
DaliHet,2.0,0.1,1.0,154,global
DaliHet,2.0,0.1,1.0,6823,global
DaliHet,2.0,0.1,1.0,5929,global
DaliHet,2.0,0.1,1.0,538,global
DaliHet,2.0,0.1,1.0,9090,global
DaliHet,2.0,0.1,1.0,2203,global
DaliHet,2.0,0.1,1.0,2550,global
DaliHet,2.0,0.1,1.0,1843,global
DaliHet,2.0,0.1,1.0,3336,global
DaliHet,2.0,0.1,1.0,1759,global
DaliHet,2.0,0.1,1.0,3478,global
DaliHet,2.0,0.1,1.0,8120,global
DaliHet,2.0,0.1,1.0,4513,global
DaliHet,2.0,0.1,1.0,9233,global
DaliHet,2.0,0.1,1.0,4494,global
DaliHet,2.0,0.1,1.0,2765,global
DaliHet,2.0,0.1,1.0,7887,global
DaliHet,2.0,0.1,1.0,8197,global
DaliHet,2.0,0.1,1.0,8619,global
DaliHet,2.0,0.1,1.0,8898,global
DaliHet,2.0,0.1,1.0,250,global
DaliHet,2.0,0.1,1.0,5129,global
DaliHet,2.0,0.1,1.0,2681,global
DaliHet,2.0,0.1,1.0,2449,global
DaliHet,2.0,0.05,0.0,123,global
DaliHet,2.0,0.05,0.0,154,global
DaliHet,2.0,0.05,0.0,6823,global
DaliHet,2.0,0.05,0.0,5929,global
DaliHet,2.0,0.05,0.0,538,global
DaliHet,2.0,0.05,0.0,9090,global
DaliHet,2.0,0.05,0.0,2203,global
DaliHet,2.0,0.05,0.0,2550,global
DaliHet,2.0,0.05,0.0,1843,global
DaliHet,2.0,0.05,0.0,3336,global
DaliHet,2.0,0.05,0.0,1759,global
DaliHet,2.0,0.05,0.0,3478,global
DaliHet,2.0,0.05,0.0,8120,global
DaliHet,2.0,0.05,0.0,4513,global
DaliHet,2.0,0.05,0.0,9233,global
DaliHet,2.0,0.05,0.0,4494,global
DaliHet,2.0,0.05,0.0,2765,global
DaliHet,2.0,0.05,0.0,7887,global
DaliHet,2.0,0.05,0.0,8197,global
DaliHet,2.0,0.05,0.0,8619,global
DaliHet,2.0,0.05,0.0,8898,global
DaliHet,2.0,0.05,0.0,250,global
DaliHet,2.0,0.05,0.0,5129,global
DaliHet,2.0,0.05,0.0,2681,global
DaliHet,2.0,0.05,0.0,2449,global
DaliHet,2.0,0.05,0.2,123,global
DaliHet,2.0,0.05,0.2,154,global
DaliHet,2.0,0.05,0.2,6823,global
DaliHet,2.0,0.05,0.2,5929,global
DaliHet,2.0,0.05,0.2,538,global
DaliHet,2.0,0.05,0.2,9090,global
DaliHet,2.0,0.05,0.2,2203,global
DaliHet,2.0,0.05,0.2,2550,global
DaliHet,2.0,0.05,0.2,1843,global
DaliHet,2.0,0.05,0.2,3336,global
DaliHet,2.0,0.05,0.2,1759,global
DaliHet,2.0,0.05,0.2,3478,global
DaliHet,2.0,0.05,0.2,8120,global
DaliHet,2.0,0.05,0.2,4513,global
DaliHet,2.0,0.05,0.2,9233,global
DaliHet,2.0,0.05,0.2,4494,global
DaliHet,2.0,0.05,0.2,2765,global
DaliHet,2.0,0.05,0.2,7887,global
DaliHet,2.0,0.05,0.2,8197,global
DaliHet,2.0,0.05,0.2,8619,global
DaliHet,2.0,0.05,0.2,8898,global
DaliHet,2.0,0.05,0.2,250,global
DaliHet,2.0,0.05,0.2,5129,global
DaliHet,2.0,0.05,0.2,2681,global
DaliHet,2.0,0.05,0.2,2449,global
DaliHet,2.0,0.05,0.4,123,global
DaliHet,2.0,0.05,0.4,154,global
DaliHet,2.0,0.05,0.4,6823,global
DaliHet,2.0,0.05,0.4,5929,global
DaliHet,2.0,0.05,0.4,538,global
DaliHet,2.0,0.05,0.4,9090,global
DaliHet,2.0,0.05,0.4,2203,global
DaliHet,2.0,0.05,0.4,2550,global
DaliHet,2.0,0.05,0.4,1843,global
DaliHet,2.0,0.05,0.4,3336,global
DaliHet,2.0,0.05,0.4,1759,global
DaliHet,2.0,0.05,0.4,3478,global
DaliHet,2.0,0.05,0.4,8120,global
DaliHet,2.0,0.05,0.4,4513,global
DaliHet,2.0,0.05,0.4,9233,global
DaliHet,2.0,0.05,0.4,4494,global
DaliHet,2.0,0.05,0.4,2765,global
DaliHet,2.0,0.05,0.4,7887,global
DaliHet,2.0,0.05,0.4,8197,global
DaliHet,2.0,0.05,0.4,8619,global
DaliHet,2.0,0.05,0.4,8898,global
DaliHet,2.0,0.05,0.4,250,global
DaliHet,2.0,0.05,0.4,5129,global
DaliHet,2.0,0.05,0.4,2681,global
DaliHet,2.0,0.05,0.4,2449,global
DaliHet,2.0,0.05,0.6000000000000001,123,global
DaliHet,2.0,0.05,0.6000000000000001,154,global
DaliHet,2.0,0.05,0.6000000000000001,6823,global
DaliHet,2.0,0.05,0.6000000000000001,5929,global
DaliHet,2.0,0.05,0.6000000000000001,538,global
DaliHet,2.0,0.05,0.6000000000000001,9090,global
DaliHet,2.0,0.05,0.6000000000000001,2203,global
DaliHet,2.0,0.05,0.6000000000000001,2550,global
DaliHet,2.0,0.05,0.6000000000000001,1843,global
DaliHet,2.0,0.05,0.6000000000000001,3336,global
DaliHet,2.0,0.05,0.6000000000000001,1759,global
DaliHet,2.0,0.05,0.6000000000000001,3478,global
DaliHet,2.0,0.05,0.6000000000000001,8120,global
DaliHet,2.0,0.05,0.6000000000000001,4513,global
DaliHet,2.0,0.05,0.6000000000000001,9233,global
DaliHet,2.0,0.05,0.6000000000000001,4494,global
DaliHet,2.0,0.05,0.6000000000000001,2765,global
DaliHet,2.0,0.05,0.6000000000000001,7887,global
DaliHet,2.0,0.05,0.6000000000000001,8197,global
DaliHet,2.0,0.05,0.6000000000000001,8619,global
DaliHet,2.0,0.05,0.6000000000000001,8898,global
DaliHet,2.0,0.05,0.6000000000000001,250,global
DaliHet,2.0,0.05,0.6000000000000001,5129,global
DaliHet,2.0,0.05,0.6000000000000001,2681,global
DaliHet,2.0,0.05,0.6000000000000001,2449,global
DaliHet,2.0,0.05,0.8,123,global
DaliHet,2.0,0.05,0.8,154,global
DaliHet,2.0,0.05,0.8,6823,global
DaliHet,2.0,0.05,0.8,5929,global
DaliHet,2.0,0.05,0.8,538,global
DaliHet,2.0,0.05,0.8,9090,global
DaliHet,2.0,0.05,0.8,2203,global
DaliHet,2.0,0.05,0.8,2550,global
DaliHet,2.0,0.05,0.8,1843,global
DaliHet,2.0,0.05,0.8,3336,global
DaliHet,2.0,0.05,0.8,1759,global
DaliHet,2.0,0.05,0.8,3478,global
DaliHet,2.0,0.05,0.8,8120,global
DaliHet,2.0,0.05,0.8,4513,global
DaliHet,2.0,0.05,0.8,9233,global
DaliHet,2.0,0.05,0.8,4494,global
DaliHet,2.0,0.05,0.8,2765,global
DaliHet,2.0,0.05,0.8,7887,global
DaliHet,2.0,0.05,0.8,8197,global
DaliHet,2.0,0.05,0.8,8619,global
DaliHet,2.0,0.05,0.8,8898,global
DaliHet,2.0,0.05,0.8,250,global
DaliHet,2.0,0.05,0.8,5129,global
DaliHet,2.0,0.05,0.8,2681,global
DaliHet,2.0,0.05,0.8,2449,global
DaliHet,2.0,0.05,1.0,123,global
DaliHet,2.0,0.05,1.0,154,global
DaliHet,2.0,0.05,1.0,6823,global
DaliHet,2.0,0.05,1.0,5929,global
DaliHet,2.0,0.05,1.0,538,global
DaliHet,2.0,0.05,1.0,9090,global
DaliHet,2.0,0.05,1.0,2203,global
DaliHet,2.0,0.05,1.0,2550,global
DaliHet,2.0,0.05,1.0,1843,global
DaliHet,2.0,0.05,1.0,3336,global
DaliHet,2.0,0.05,1.0,1759,global
DaliHet,2.0,0.05,1.0,3478,global
DaliHet,2.0,0.05,1.0,8120,global
DaliHet,2.0,0.05,1.0,4513,global
DaliHet,2.0,0.05,1.0,9233,global
DaliHet,2.0,0.05,1.0,4494,global
DaliHet,2.0,0.05,1.0,2765,global
DaliHet,2.0,0.05,1.0,7887,global
DaliHet,2.0,0.05,1.0,8197,global
DaliHet,2.0,0.05,1.0,8619,global
DaliHet,2.0,0.05,1.0,8898,global
DaliHet,2.0,0.05,1.0,250,global
DaliHet,2.0,0.05,1.0,5129,global
DaliHet,2.0,0.05,1.0,2681,global
DaliHet,2.0,0.05,1.0,2449,global
DaliHet,2.0,0.01,0.0,123,global
DaliHet,2.0,0.01,0.0,154,global
DaliHet,2.0,0.01,0.0,6823,global
DaliHet,2.0,0.01,0.0,5929,global
DaliHet,2.0,0.01,0.0,538,global
DaliHet,2.0,0.01,0.0,9090,global
DaliHet,2.0,0.01,0.0,2203,global
DaliHet,2.0,0.01,0.0,2550,global
DaliHet,2.0,0.01,0.0,1843,global
DaliHet,2.0,0.01,0.0,3336,global
DaliHet,2.0,0.01,0.0,1759,global
DaliHet,2.0,0.01,0.0,3478,global
DaliHet,2.0,0.01,0.0,8120,global
DaliHet,2.0,0.01,0.0,4513,global
DaliHet,2.0,0.01,0.0,9233,global
DaliHet,2.0,0.01,0.0,4494,global
DaliHet,2.0,0.01,0.0,2765,global
DaliHet,2.0,0.01,0.0,7887,global
DaliHet,2.0,0.01,0.0,8197,global
DaliHet,2.0,0.01,0.0,8619,global
DaliHet,2.0,0.01,0.0,8898,global
DaliHet,2.0,0.01,0.0,250,global
DaliHet,2.0,0.01,0.0,5129,global
DaliHet,2.0,0.01,0.0,2681,global
DaliHet,2.0,0.01,0.0,2449,global
DaliHet,2.0,0.01,0.2,123,global
DaliHet,2.0,0.01,0.2,154,global
DaliHet,2.0,0.01,0.2,6823,global
DaliHet,2.0,0.01,0.2,5929,global
DaliHet,2.0,0.01,0.2,538,global
DaliHet,2.0,0.01,0.2,9090,global
DaliHet,2.0,0.01,0.2,2203,global
DaliHet,2.0,0.01,0.2,2550,global
DaliHet,2.0,0.01,0.2,1843,global
DaliHet,2.0,0.01,0.2,3336,global
DaliHet,2.0,0.01,0.2,1759,global
DaliHet,2.0,0.01,0.2,3478,global
DaliHet,2.0,0.01,0.2,8120,global
DaliHet,2.0,0.01,0.2,4513,global
DaliHet,2.0,0.01,0.2,9233,global
DaliHet,2.0,0.01,0.2,4494,global
DaliHet,2.0,0.01,0.2,2765,global
DaliHet,2.0,0.01,0.2,7887,global
DaliHet,2.0,0.01,0.2,8197,global
DaliHet,2.0,0.01,0.2,8619,global
DaliHet,2.0,0.01,0.2,8898,global
DaliHet,2.0,0.01,0.2,250,global
DaliHet,2.0,0.01,0.2,5129,global
DaliHet,2.0,0.01,0.2,2681,global
DaliHet,2.0,0.01,0.2,2449,global
DaliHet,2.0,0.01,0.4,123,global
DaliHet,2.0,0.01,0.4,154,global
DaliHet,2.0,0.01,0.4,6823,global
DaliHet,2.0,0.01,0.4,5929,global
DaliHet,2.0,0.01,0.4,538,global
DaliHet,2.0,0.01,0.4,9090,global
DaliHet,2.0,0.01,0.4,2203,global
DaliHet,2.0,0.01,0.4,2550,global
DaliHet,2.0,0.01,0.4,1843,global
DaliHet,2.0,0.01,0.4,3336,global
DaliHet,2.0,0.01,0.4,1759,global
DaliHet,2.0,0.01,0.4,3478,global
DaliHet,2.0,0.01,0.4,8120,global
DaliHet,2.0,0.01,0.4,4513,global
DaliHet,2.0,0.01,0.4,9233,global
DaliHet,2.0,0.01,0.4,4494,global
DaliHet,2.0,0.01,0.4,2765,global
DaliHet,2.0,0.01,0.4,7887,global
DaliHet,2.0,0.01,0.4,8197,global
DaliHet,2.0,0.01,0.4,8619,global
DaliHet,2.0,0.01,0.4,8898,global
DaliHet,2.0,0.01,0.4,250,global
DaliHet,2.0,0.01,0.4,5129,global
DaliHet,2.0,0.01,0.4,2681,global
DaliHet,2.0,0.01,0.4,2449,global
DaliHet,2.0,0.01,0.6000000000000001,123,global
DaliHet,2.0,0.01,0.6000000000000001,154,global
DaliHet,2.0,0.01,0.6000000000000001,6823,global
DaliHet,2.0,0.01,0.6000000000000001,5929,global
DaliHet,2.0,0.01,0.6000000000000001,538,global
DaliHet,2.0,0.01,0.6000000000000001,9090,global
DaliHet,2.0,0.01,0.6000000000000001,2203,global
DaliHet,2.0,0.01,0.6000000000000001,2550,global
DaliHet,2.0,0.01,0.6000000000000001,1843,global
DaliHet,2.0,0.01,0.6000000000000001,3336,global
DaliHet,2.0,0.01,0.6000000000000001,1759,global
DaliHet,2.0,0.01,0.6000000000000001,3478,global
DaliHet,2.0,0.01,0.6000000000000001,8120,global
DaliHet,2.0,0.01,0.6000000000000001,4513,global
DaliHet,2.0,0.01,0.6000000000000001,9233,global
DaliHet,2.0,0.01,0.6000000000000001,4494,global
DaliHet,2.0,0.01,0.6000000000000001,2765,global
DaliHet,2.0,0.01,0.6000000000000001,7887,global
DaliHet,2.0,0.01,0.6000000000000001,8197,global
DaliHet,2.0,0.01,0.6000000000000001,8619,global
DaliHet,2.0,0.01,0.6000000000000001,8898,global
DaliHet,2.0,0.01,0.6000000000000001,250,global
DaliHet,2.0,0.01,0.6000000000000001,5129,global
DaliHet,2.0,0.01,0.6000000000000001,2681,global
DaliHet,2.0,0.01,0.6000000000000001,2449,global
DaliHet,2.0,0.01,0.8,123,global
DaliHet,2.0,0.01,0.8,154,global
DaliHet,2.0,0.01,0.8,6823,global
DaliHet,2.0,0.01,0.8,5929,global
DaliHet,2.0,0.01,0.8,538,global
DaliHet,2.0,0.01,0.8,9090,global
DaliHet,2.0,0.01,0.8,2203,global
DaliHet,2.0,0.01,0.8,2550,global
DaliHet,2.0,0.01,0.8,1843,global
DaliHet,2.0,0.01,0.8,3336,global
DaliHet,2.0,0.01,0.8,1759,global
DaliHet,2.0,0.01,0.8,3478,global
DaliHet,2.0,0.01,0.8,8120,global
DaliHet,2.0,0.01,0.8,4513,global
DaliHet,2.0,0.01,0.8,9233,global
DaliHet,2.0,0.01,0.8,4494,global
DaliHet,2.0,0.01,0.8,2765,global
DaliHet,2.0,0.01,0.8,7887,global
DaliHet,2.0,0.01,0.8,8197,global
DaliHet,2.0,0.01,0.8,8619,global
DaliHet,2.0,0.01,0.8,8898,global
DaliHet,2.0,0.01,0.8,250,global
DaliHet,2.0,0.01,0.8,5129,global
DaliHet,2.0,0.01,0.8,2681,global
DaliHet,2.0,0.01,0.8,2449,global
DaliHet,2.0,0.01,1.0,123,global
DaliHet,2.0,0.01,1.0,154,global
DaliHet,2.0,0.01,1.0,6823,global
DaliHet,2.0,0.01,1.0,5929,global
DaliHet,2.0,0.01,1.0,538,global
DaliHet,2.0,0.01,1.0,9090,global
DaliHet,2.0,0.01,1.0,2203,global
DaliHet,2.0,0.01,1.0,2550,global
DaliHet,2.0,0.01,1.0,1843,global
DaliHet,2.0,0.01,1.0,3336,global
DaliHet,2.0,0.01,1.0,1759,global
DaliHet,2.0,0.01,1.0,3478,global
DaliHet,2.0,0.01,1.0,8120,global
DaliHet,2.0,0.01,1.0,4513,global
DaliHet,2.0,0.01,1.0,9233,global
DaliHet,2.0,0.01,1.0,4494,global
DaliHet,2.0,0.01,1.0,2765,global
DaliHet,2.0,0.01,1.0,7887,global
DaliHet,2.0,0.01,1.0,8197,global
DaliHet,2.0,0.01,1.0,8619,global
DaliHet,2.0,0.01,1.0,8898,global
DaliHet,2.0,0.01,1.0,250,global
DaliHet,2.0,0.01,1.0,5129,global
DaliHet,2.0,0.01,1.0,2681,global
DaliHet,2.0,0.01,1.0,2449,global
DaliHet,5.0,0.1,0.0,123,global
DaliHet,5.0,0.1,0.0,154,global
DaliHet,5.0,0.1,0.0,6823,global
DaliHet,5.0,0.1,0.0,5929,global
DaliHet,5.0,0.1,0.0,538,global
DaliHet,5.0,0.1,0.0,9090,global
DaliHet,5.0,0.1,0.0,2203,global
DaliHet,5.0,0.1,0.0,2550,global
DaliHet,5.0,0.1,0.0,1843,global
DaliHet,5.0,0.1,0.0,3336,global
DaliHet,5.0,0.1,0.0,1759,global
DaliHet,5.0,0.1,0.0,3478,global
DaliHet,5.0,0.1,0.0,8120,global
DaliHet,5.0,0.1,0.0,4513,global
DaliHet,5.0,0.1,0.0,9233,global
DaliHet,5.0,0.1,0.0,4494,global
DaliHet,5.0,0.1,0.0,2765,global
DaliHet,5.0,0.1,0.0,7887,global
DaliHet,5.0,0.1,0.0,8197,global
DaliHet,5.0,0.1,0.0,8619,global
DaliHet,5.0,0.1,0.0,8898,global
DaliHet,5.0,0.1,0.0,250,global
DaliHet,5.0,0.1,0.0,5129,global
DaliHet,5.0,0.1,0.0,2681,global
DaliHet,5.0,0.1,0.0,2449,global
DaliHet,5.0,0.1,0.2,123,global
DaliHet,5.0,0.1,0.2,154,global
DaliHet,5.0,0.1,0.2,6823,global
DaliHet,5.0,0.1,0.2,5929,global
DaliHet,5.0,0.1,0.2,538,global
DaliHet,5.0,0.1,0.2,9090,global
DaliHet,5.0,0.1,0.2,2203,global
DaliHet,5.0,0.1,0.2,2550,global
DaliHet,5.0,0.1,0.2,1843,global
DaliHet,5.0,0.1,0.2,3336,global
DaliHet,5.0,0.1,0.2,1759,global
DaliHet,5.0,0.1,0.2,3478,global
DaliHet,5.0,0.1,0.2,8120,global
DaliHet,5.0,0.1,0.2,4513,global
DaliHet,5.0,0.1,0.2,9233,global
DaliHet,5.0,0.1,0.2,4494,global
DaliHet,5.0,0.1,0.2,2765,global
DaliHet,5.0,0.1,0.2,7887,global
DaliHet,5.0,0.1,0.2,8197,global
DaliHet,5.0,0.1,0.2,8619,global
DaliHet,5.0,0.1,0.2,8898,global
DaliHet,5.0,0.1,0.2,250,global
DaliHet,5.0,0.1,0.2,5129,global
DaliHet,5.0,0.1,0.2,2681,global
DaliHet,5.0,0.1,0.2,2449,global
DaliHet,5.0,0.1,0.4,123,global
DaliHet,5.0,0.1,0.4,154,global
DaliHet,5.0,0.1,0.4,6823,global
DaliHet,5.0,0.1,0.4,5929,global
DaliHet,5.0,0.1,0.4,538,global
DaliHet,5.0,0.1,0.4,9090,global
DaliHet,5.0,0.1,0.4,2203,global
DaliHet,5.0,0.1,0.4,2550,global
DaliHet,5.0,0.1,0.4,1843,global
DaliHet,5.0,0.1,0.4,3336,global
DaliHet,5.0,0.1,0.4,1759,global
DaliHet,5.0,0.1,0.4,3478,global
DaliHet,5.0,0.1,0.4,8120,global
DaliHet,5.0,0.1,0.4,4513,global
DaliHet,5.0,0.1,0.4,9233,global
DaliHet,5.0,0.1,0.4,4494,global
DaliHet,5.0,0.1,0.4,2765,global
DaliHet,5.0,0.1,0.4,7887,global
DaliHet,5.0,0.1,0.4,8197,global
DaliHet,5.0,0.1,0.4,8619,global
DaliHet,5.0,0.1,0.4,8898,global
DaliHet,5.0,0.1,0.4,250,global
DaliHet,5.0,0.1,0.4,5129,global
DaliHet,5.0,0.1,0.4,2681,global
DaliHet,5.0,0.1,0.4,2449,global
DaliHet,5.0,0.1,0.6000000000000001,123,global
DaliHet,5.0,0.1,0.6000000000000001,154,global
DaliHet,5.0,0.1,0.6000000000000001,6823,global
DaliHet,5.0,0.1,0.6000000000000001,5929,global
DaliHet,5.0,0.1,0.6000000000000001,538,global
DaliHet,5.0,0.1,0.6000000000000001,9090,global
DaliHet,5.0,0.1,0.6000000000000001,2203,global
DaliHet,5.0,0.1,0.6000000000000001,2550,global
DaliHet,5.0,0.1,0.6000000000000001,1843,global
DaliHet,5.0,0.1,0.6000000000000001,3336,global
DaliHet,5.0,0.1,0.6000000000000001,1759,global
DaliHet,5.0,0.1,0.6000000000000001,3478,global
DaliHet,5.0,0.1,0.6000000000000001,8120,global
DaliHet,5.0,0.1,0.6000000000000001,4513,global
DaliHet,5.0,0.1,0.6000000000000001,9233,global
DaliHet,5.0,0.1,0.6000000000000001,4494,global
DaliHet,5.0,0.1,0.6000000000000001,2765,global
DaliHet,5.0,0.1,0.6000000000000001,7887,global
DaliHet,5.0,0.1,0.6000000000000001,8197,global
DaliHet,5.0,0.1,0.6000000000000001,8619,global
DaliHet,5.0,0.1,0.6000000000000001,8898,global
DaliHet,5.0,0.1,0.6000000000000001,250,global
DaliHet,5.0,0.1,0.6000000000000001,5129,global
DaliHet,5.0,0.1,0.6000000000000001,2681,global
DaliHet,5.0,0.1,0.6000000000000001,2449,global
DaliHet,5.0,0.1,0.8,123,global
DaliHet,5.0,0.1,0.8,154,global
DaliHet,5.0,0.1,0.8,6823,global
DaliHet,5.0,0.1,0.8,5929,global
DaliHet,5.0,0.1,0.8,538,global
DaliHet,5.0,0.1,0.8,9090,global
DaliHet,5.0,0.1,0.8,2203,global
DaliHet,5.0,0.1,0.8,2550,global
DaliHet,5.0,0.1,0.8,1843,global
DaliHet,5.0,0.1,0.8,3336,global
DaliHet,5.0,0.1,0.8,1759,global
DaliHet,5.0,0.1,0.8,3478,global
DaliHet,5.0,0.1,0.8,8120,global
DaliHet,5.0,0.1,0.8,4513,global
DaliHet,5.0,0.1,0.8,9233,global
DaliHet,5.0,0.1,0.8,4494,global
DaliHet,5.0,0.1,0.8,2765,global
DaliHet,5.0,0.1,0.8,7887,global
DaliHet,5.0,0.1,0.8,8197,global
DaliHet,5.0,0.1,0.8,8619,global
DaliHet,5.0,0.1,0.8,8898,global
DaliHet,5.0,0.1,0.8,250,global
DaliHet,5.0,0.1,0.8,5129,global
DaliHet,5.0,0.1,0.8,2681,global
DaliHet,5.0,0.1,0.8,2449,global
DaliHet,5.0,0.1,1.0,123,global
DaliHet,5.0,0.1,1.0,154,global
DaliHet,5.0,0.1,1.0,6823,global
DaliHet,5.0,0.1,1.0,5929,global
DaliHet,5.0,0.1,1.0,538,global
DaliHet,5.0,0.1,1.0,9090,global
DaliHet,5.0,0.1,1.0,2203,global
DaliHet,5.0,0.1,1.0,2550,global
DaliHet,5.0,0.1,1.0,1843,global
DaliHet,5.0,0.1,1.0,3336,global
DaliHet,5.0,0.1,1.0,1759,global
DaliHet,5.0,0.1,1.0,3478,global
DaliHet,5.0,0.1,1.0,8120,global
DaliHet,5.0,0.1,1.0,4513,global
DaliHet,5.0,0.1,1.0,9233,global
DaliHet,5.0,0.1,1.0,4494,global
DaliHet,5.0,0.1,1.0,2765,global
DaliHet,5.0,0.1,1.0,7887,global
DaliHet,5.0,0.1,1.0,8197,global
DaliHet,5.0,0.1,1.0,8619,global
DaliHet,5.0,0.1,1.0,8898,global
DaliHet,5.0,0.1,1.0,250,global
DaliHet,5.0,0.1,1.0,5129,global
DaliHet,5.0,0.1,1.0,2681,global
DaliHet,5.0,0.1,1.0,2449,global
DaliHet,5.0,0.05,0.0,123,global
DaliHet,5.0,0.05,0.0,154,global
DaliHet,5.0,0.05,0.0,6823,global
DaliHet,5.0,0.05,0.0,5929,global
DaliHet,5.0,0.05,0.0,538,global
DaliHet,5.0,0.05,0.0,9090,global
DaliHet,5.0,0.05,0.0,2203,global
DaliHet,5.0,0.05,0.0,2550,global
DaliHet,5.0,0.05,0.0,1843,global
DaliHet,5.0,0.05,0.0,3336,global
DaliHet,5.0,0.05,0.0,1759,global
DaliHet,5.0,0.05,0.0,3478,global
DaliHet,5.0,0.05,0.0,8120,global
DaliHet,5.0,0.05,0.0,4513,global
DaliHet,5.0,0.05,0.0,9233,global
DaliHet,5.0,0.05,0.0,4494,global
DaliHet,5.0,0.05,0.0,2765,global
DaliHet,5.0,0.05,0.0,7887,global
DaliHet,5.0,0.05,0.0,8197,global
DaliHet,5.0,0.05,0.0,8619,global
DaliHet,5.0,0.05,0.0,8898,global
DaliHet,5.0,0.05,0.0,250,global
DaliHet,5.0,0.05,0.0,5129,global
DaliHet,5.0,0.05,0.0,2681,global
DaliHet,5.0,0.05,0.0,2449,global
DaliHet,5.0,0.05,0.2,123,global
DaliHet,5.0,0.05,0.2,154,global
DaliHet,5.0,0.05,0.2,6823,global
DaliHet,5.0,0.05,0.2,5929,global
DaliHet,5.0,0.05,0.2,538,global
DaliHet,5.0,0.05,0.2,9090,global
DaliHet,5.0,0.05,0.2,2203,global
DaliHet,5.0,0.05,0.2,2550,global
DaliHet,5.0,0.05,0.2,1843,global
DaliHet,5.0,0.05,0.2,3336,global
DaliHet,5.0,0.05,0.2,1759,global
DaliHet,5.0,0.05,0.2,3478,global
DaliHet,5.0,0.05,0.2,8120,global
DaliHet,5.0,0.05,0.2,4513,global
DaliHet,5.0,0.05,0.2,9233,global
DaliHet,5.0,0.05,0.2,4494,global
DaliHet,5.0,0.05,0.2,2765,global
DaliHet,5.0,0.05,0.2,7887,global
DaliHet,5.0,0.05,0.2,8197,global
DaliHet,5.0,0.05,0.2,8619,global
DaliHet,5.0,0.05,0.2,8898,global
DaliHet,5.0,0.05,0.2,250,global
DaliHet,5.0,0.05,0.2,5129,global
DaliHet,5.0,0.05,0.2,2681,global
DaliHet,5.0,0.05,0.2,2449,global
DaliHet,5.0,0.05,0.4,123,global
DaliHet,5.0,0.05,0.4,154,global
DaliHet,5.0,0.05,0.4,6823,global
DaliHet,5.0,0.05,0.4,5929,global
DaliHet,5.0,0.05,0.4,538,global
DaliHet,5.0,0.05,0.4,9090,global
DaliHet,5.0,0.05,0.4,2203,global
DaliHet,5.0,0.05,0.4,2550,global
DaliHet,5.0,0.05,0.4,1843,global
DaliHet,5.0,0.05,0.4,3336,global
DaliHet,5.0,0.05,0.4,1759,global
DaliHet,5.0,0.05,0.4,3478,global
DaliHet,5.0,0.05,0.4,8120,global
DaliHet,5.0,0.05,0.4,4513,global
DaliHet,5.0,0.05,0.4,9233,global
DaliHet,5.0,0.05,0.4,4494,global
DaliHet,5.0,0.05,0.4,2765,global
DaliHet,5.0,0.05,0.4,7887,global
DaliHet,5.0,0.05,0.4,8197,global
DaliHet,5.0,0.05,0.4,8619,global
DaliHet,5.0,0.05,0.4,8898,global
DaliHet,5.0,0.05,0.4,250,global
DaliHet,5.0,0.05,0.4,5129,global
DaliHet,5.0,0.05,0.4,2681,global
DaliHet,5.0,0.05,0.4,2449,global
DaliHet,5.0,0.05,0.6000000000000001,123,global
DaliHet,5.0,0.05,0.6000000000000001,154,global
DaliHet,5.0,0.05,0.6000000000000001,6823,global
DaliHet,5.0,0.05,0.6000000000000001,5929,global
DaliHet,5.0,0.05,0.6000000000000001,538,global
DaliHet,5.0,0.05,0.6000000000000001,9090,global
DaliHet,5.0,0.05,0.6000000000000001,2203,global
DaliHet,5.0,0.05,0.6000000000000001,2550,global
DaliHet,5.0,0.05,0.6000000000000001,1843,global
DaliHet,5.0,0.05,0.6000000000000001,3336,global
DaliHet,5.0,0.05,0.6000000000000001,1759,global
DaliHet,5.0,0.05,0.6000000000000001,3478,global
DaliHet,5.0,0.05,0.6000000000000001,8120,global
DaliHet,5.0,0.05,0.6000000000000001,4513,global
DaliHet,5.0,0.05,0.6000000000000001,9233,global
DaliHet,5.0,0.05,0.6000000000000001,4494,global
DaliHet,5.0,0.05,0.6000000000000001,2765,global
DaliHet,5.0,0.05,0.6000000000000001,7887,global
DaliHet,5.0,0.05,0.6000000000000001,8197,global
DaliHet,5.0,0.05,0.6000000000000001,8619,global
DaliHet,5.0,0.05,0.6000000000000001,8898,global
DaliHet,5.0,0.05,0.6000000000000001,250,global
DaliHet,5.0,0.05,0.6000000000000001,5129,global
DaliHet,5.0,0.05,0.6000000000000001,2681,global
DaliHet,5.0,0.05,0.6000000000000001,2449,global
DaliHet,5.0,0.05,0.8,123,global
DaliHet,5.0,0.05,0.8,154,global
DaliHet,5.0,0.05,0.8,6823,global
DaliHet,5.0,0.05,0.8,5929,global
DaliHet,5.0,0.05,0.8,538,global
DaliHet,5.0,0.05,0.8,9090,global
DaliHet,5.0,0.05,0.8,2203,global
DaliHet,5.0,0.05,0.8,2550,global
DaliHet,5.0,0.05,0.8,1843,global
DaliHet,5.0,0.05,0.8,3336,global
DaliHet,5.0,0.05,0.8,1759,global
DaliHet,5.0,0.05,0.8,3478,global
DaliHet,5.0,0.05,0.8,8120,global
DaliHet,5.0,0.05,0.8,4513,global
DaliHet,5.0,0.05,0.8,9233,global
DaliHet,5.0,0.05,0.8,4494,global
DaliHet,5.0,0.05,0.8,2765,global
DaliHet,5.0,0.05,0.8,7887,global
DaliHet,5.0,0.05,0.8,8197,global
DaliHet,5.0,0.05,0.8,8619,global
DaliHet,5.0,0.05,0.8,8898,global
DaliHet,5.0,0.05,0.8,250,global
DaliHet,5.0,0.05,0.8,5129,global
DaliHet,5.0,0.05,0.8,2681,global
DaliHet,5.0,0.05,0.8,2449,global
DaliHet,5.0,0.05,1.0,123,global
DaliHet,5.0,0.05,1.0,154,global
DaliHet,5.0,0.05,1.0,6823,global
DaliHet,5.0,0.05,1.0,5929,global
DaliHet,5.0,0.05,1.0,538,global
DaliHet,5.0,0.05,1.0,9090,global
DaliHet,5.0,0.05,1.0,2203,global
DaliHet,5.0,0.05,1.0,2550,global
DaliHet,5.0,0.05,1.0,1843,global
DaliHet,5.0,0.05,1.0,3336,global
DaliHet,5.0,0.05,1.0,1759,global
DaliHet,5.0,0.05,1.0,3478,global
DaliHet,5.0,0.05,1.0,8120,global
DaliHet,5.0,0.05,1.0,4513,global
DaliHet,5.0,0.05,1.0,9233,global
DaliHet,5.0,0.05,1.0,4494,global
DaliHet,5.0,0.05,1.0,2765,global
DaliHet,5.0,0.05,1.0,7887,global
DaliHet,5.0,0.05,1.0,8197,global
DaliHet,5.0,0.05,1.0,8619,global
DaliHet,5.0,0.05,1.0,8898,global
DaliHet,5.0,0.05,1.0,250,global
DaliHet,5.0,0.05,1.0,5129,global
DaliHet,5.0,0.05,1.0,2681,global
DaliHet,5.0,0.05,1.0,2449,global
DaliHet,5.0,0.01,0.0,123,global
DaliHet,5.0,0.01,0.0,154,global
DaliHet,5.0,0.01,0.0,6823,global
DaliHet,5.0,0.01,0.0,5929,global
DaliHet,5.0,0.01,0.0,538,global
DaliHet,5.0,0.01,0.0,9090,global
DaliHet,5.0,0.01,0.0,2203,global
DaliHet,5.0,0.01,0.0,2550,global
DaliHet,5.0,0.01,0.0,1843,global
DaliHet,5.0,0.01,0.0,3336,global
DaliHet,5.0,0.01,0.0,1759,global
DaliHet,5.0,0.01,0.0,3478,global
DaliHet,5.0,0.01,0.0,8120,global
DaliHet,5.0,0.01,0.0,4513,global
DaliHet,5.0,0.01,0.0,9233,global
DaliHet,5.0,0.01,0.0,4494,global
DaliHet,5.0,0.01,0.0,2765,global
DaliHet,5.0,0.01,0.0,7887,global
DaliHet,5.0,0.01,0.0,8197,global
DaliHet,5.0,0.01,0.0,8619,global
DaliHet,5.0,0.01,0.0,8898,global
DaliHet,5.0,0.01,0.0,250,global
DaliHet,5.0,0.01,0.0,5129,global
DaliHet,5.0,0.01,0.0,2681,global
DaliHet,5.0,0.01,0.0,2449,global
DaliHet,5.0,0.01,0.2,123,global
DaliHet,5.0,0.01,0.2,154,global
DaliHet,5.0,0.01,0.2,6823,global
DaliHet,5.0,0.01,0.2,5929,global
DaliHet,5.0,0.01,0.2,538,global
DaliHet,5.0,0.01,0.2,9090,global
DaliHet,5.0,0.01,0.2,2203,global
DaliHet,5.0,0.01,0.2,2550,global
DaliHet,5.0,0.01,0.2,1843,global
DaliHet,5.0,0.01,0.2,3336,global
DaliHet,5.0,0.01,0.2,1759,global
DaliHet,5.0,0.01,0.2,3478,global
DaliHet,5.0,0.01,0.2,8120,global
DaliHet,5.0,0.01,0.2,4513,global
DaliHet,5.0,0.01,0.2,9233,global
DaliHet,5.0,0.01,0.2,4494,global
DaliHet,5.0,0.01,0.2,2765,global
DaliHet,5.0,0.01,0.2,7887,global
DaliHet,5.0,0.01,0.2,8197,global
DaliHet,5.0,0.01,0.2,8619,global
DaliHet,5.0,0.01,0.2,8898,global
DaliHet,5.0,0.01,0.2,250,global
DaliHet,5.0,0.01,0.2,5129,global
DaliHet,5.0,0.01,0.2,2681,global
DaliHet,5.0,0.01,0.2,2449,global
DaliHet,5.0,0.01,0.4,123,global
DaliHet,5.0,0.01,0.4,154,global
DaliHet,5.0,0.01,0.4,6823,global
DaliHet,5.0,0.01,0.4,5929,global
DaliHet,5.0,0.01,0.4,538,global
DaliHet,5.0,0.01,0.4,9090,global
DaliHet,5.0,0.01,0.4,2203,global
DaliHet,5.0,0.01,0.4,2550,global
DaliHet,5.0,0.01,0.4,1843,global
DaliHet,5.0,0.01,0.4,3336,global
DaliHet,5.0,0.01,0.4,1759,global
DaliHet,5.0,0.01,0.4,3478,global
DaliHet,5.0,0.01,0.4,8120,global
DaliHet,5.0,0.01,0.4,4513,global
DaliHet,5.0,0.01,0.4,9233,global
DaliHet,5.0,0.01,0.4,4494,global
DaliHet,5.0,0.01,0.4,2765,global
DaliHet,5.0,0.01,0.4,7887,global
DaliHet,5.0,0.01,0.4,8197,global
DaliHet,5.0,0.01,0.4,8619,global
DaliHet,5.0,0.01,0.4,8898,global
DaliHet,5.0,0.01,0.4,250,global
DaliHet,5.0,0.01,0.4,5129,global
DaliHet,5.0,0.01,0.4,2681,global
DaliHet,5.0,0.01,0.4,2449,global
DaliHet,5.0,0.01,0.6000000000000001,123,global
DaliHet,5.0,0.01,0.6000000000000001,154,global
DaliHet,5.0,0.01,0.6000000000000001,6823,global
DaliHet,5.0,0.01,0.6000000000000001,5929,global
DaliHet,5.0,0.01,0.6000000000000001,538,global
DaliHet,5.0,0.01,0.6000000000000001,9090,global
DaliHet,5.0,0.01,0.6000000000000001,2203,global
DaliHet,5.0,0.01,0.6000000000000001,2550,global
DaliHet,5.0,0.01,0.6000000000000001,1843,global
DaliHet,5.0,0.01,0.6000000000000001,3336,global
DaliHet,5.0,0.01,0.6000000000000001,1759,global
DaliHet,5.0,0.01,0.6000000000000001,3478,global
DaliHet,5.0,0.01,0.6000000000000001,8120,global
DaliHet,5.0,0.01,0.6000000000000001,4513,global
DaliHet,5.0,0.01,0.6000000000000001,9233,global
DaliHet,5.0,0.01,0.6000000000000001,4494,global
DaliHet,5.0,0.01,0.6000000000000001,2765,global
DaliHet,5.0,0.01,0.6000000000000001,7887,global
DaliHet,5.0,0.01,0.6000000000000001,8197,global
DaliHet,5.0,0.01,0.6000000000000001,8619,global
DaliHet,5.0,0.01,0.6000000000000001,8898,global
DaliHet,5.0,0.01,0.6000000000000001,250,global
DaliHet,5.0,0.01,0.6000000000000001,5129,global
DaliHet,5.0,0.01,0.6000000000000001,2681,global
DaliHet,5.0,0.01,0.6000000000000001,2449,global
DaliHet,5.0,0.01,0.8,123,global
DaliHet,5.0,0.01,0.8,154,global
DaliHet,5.0,0.01,0.8,6823,global
DaliHet,5.0,0.01,0.8,5929,global
DaliHet,5.0,0.01,0.8,538,global
DaliHet,5.0,0.01,0.8,9090,global
DaliHet,5.0,0.01,0.8,2203,global
DaliHet,5.0,0.01,0.8,2550,global
DaliHet,5.0,0.01,0.8,1843,global
DaliHet,5.0,0.01,0.8,3336,global
DaliHet,5.0,0.01,0.8,1759,global
DaliHet,5.0,0.01,0.8,3478,global
DaliHet,5.0,0.01,0.8,8120,global
DaliHet,5.0,0.01,0.8,4513,global
DaliHet,5.0,0.01,0.8,9233,global
DaliHet,5.0,0.01,0.8,4494,global
DaliHet,5.0,0.01,0.8,2765,global
DaliHet,5.0,0.01,0.8,7887,global
DaliHet,5.0,0.01,0.8,8197,global
DaliHet,5.0,0.01,0.8,8619,global
DaliHet,5.0,0.01,0.8,8898,global
DaliHet,5.0,0.01,0.8,250,global
DaliHet,5.0,0.01,0.8,5129,global
DaliHet,5.0,0.01,0.8,2681,global
DaliHet,5.0,0.01,0.8,2449,global
DaliHet,5.0,0.01,1.0,123,global
DaliHet,5.0,0.01,1.0,154,global
DaliHet,5.0,0.01,1.0,6823,global
DaliHet,5.0,0.01,1.0,5929,global
DaliHet,5.0,0.01,1.0,538,global
DaliHet,5.0,0.01,1.0,9090,global
DaliHet,5.0,0.01,1.0,2203,global
DaliHet,5.0,0.01,1.0,2550,global
DaliHet,5.0,0.01,1.0,1843,global
DaliHet,5.0,0.01,1.0,3336,global
DaliHet,5.0,0.01,1.0,1759,global
DaliHet,5.0,0.01,1.0,3478,global
DaliHet,5.0,0.01,1.0,8120,global
DaliHet,5.0,0.01,1.0,4513,global
DaliHet,5.0,0.01,1.0,9233,global
DaliHet,5.0,0.01,1.0,4494,global
DaliHet,5.0,0.01,1.0,2765,global
DaliHet,5.0,0.01,1.0,7887,global
DaliHet,5.0,0.01,1.0,8197,global
DaliHet,5.0,0.01,1.0,8619,global
DaliHet,5.0,0.01,1.0,8898,global
DaliHet,5.0,0.01,1.0,250,global
DaliHet,5.0,0.01,1.0,5129,global
DaliHet,5.0,0.01,1.0,2681,global
DaliHet,5.0,0.01,1.0,2449,global
DaliHom,2.0,0.1,0.0,123,global
DaliHom,2.0,0.1,0.0,154,global
DaliHom,2.0,0.1,0.0,6823,global
DaliHom,2.0,0.1,0.0,5929,global
DaliHom,2.0,0.1,0.0,538,global
DaliHom,2.0,0.1,0.0,9090,global
DaliHom,2.0,0.1,0.0,2203,global
DaliHom,2.0,0.1,0.0,2550,global
DaliHom,2.0,0.1,0.0,1843,global
DaliHom,2.0,0.1,0.0,3336,global
DaliHom,2.0,0.1,0.0,1759,global
DaliHom,2.0,0.1,0.0,3478,global
DaliHom,2.0,0.1,0.0,8120,global
DaliHom,2.0,0.1,0.0,4513,global
DaliHom,2.0,0.1,0.0,9233,global
DaliHom,2.0,0.1,0.0,4494,global
DaliHom,2.0,0.1,0.0,2765,global
DaliHom,2.0,0.1,0.0,7887,global
DaliHom,2.0,0.1,0.0,8197,global
DaliHom,2.0,0.1,0.0,8619,global
DaliHom,2.0,0.1,0.0,8898,global
DaliHom,2.0,0.1,0.0,250,global
DaliHom,2.0,0.1,0.0,5129,global
DaliHom,2.0,0.1,0.0,2681,global
DaliHom,2.0,0.1,0.0,2449,global
DaliHom,2.0,0.1,0.2,123,global
DaliHom,2.0,0.1,0.2,154,global
DaliHom,2.0,0.1,0.2,6823,global
DaliHom,2.0,0.1,0.2,5929,global
DaliHom,2.0,0.1,0.2,538,global
DaliHom,2.0,0.1,0.2,9090,global
DaliHom,2.0,0.1,0.2,2203,global
DaliHom,2.0,0.1,0.2,2550,global
DaliHom,2.0,0.1,0.2,1843,global
DaliHom,2.0,0.1,0.2,3336,global
DaliHom,2.0,0.1,0.2,1759,global
DaliHom,2.0,0.1,0.2,3478,global
DaliHom,2.0,0.1,0.2,8120,global
DaliHom,2.0,0.1,0.2,4513,global
DaliHom,2.0,0.1,0.2,9233,global
DaliHom,2.0,0.1,0.2,4494,global
DaliHom,2.0,0.1,0.2,2765,global
DaliHom,2.0,0.1,0.2,7887,global
DaliHom,2.0,0.1,0.2,8197,global
DaliHom,2.0,0.1,0.2,8619,global
DaliHom,2.0,0.1,0.2,8898,global
DaliHom,2.0,0.1,0.2,250,global
DaliHom,2.0,0.1,0.2,5129,global
DaliHom,2.0,0.1,0.2,2681,global
DaliHom,2.0,0.1,0.2,2449,global
DaliHom,2.0,0.1,0.4,123,global
DaliHom,2.0,0.1,0.4,154,global
DaliHom,2.0,0.1,0.4,6823,global
DaliHom,2.0,0.1,0.4,5929,global
DaliHom,2.0,0.1,0.4,538,global
DaliHom,2.0,0.1,0.4,9090,global
DaliHom,2.0,0.1,0.4,2203,global
DaliHom,2.0,0.1,0.4,2550,global
DaliHom,2.0,0.1,0.4,1843,global
DaliHom,2.0,0.1,0.4,3336,global
DaliHom,2.0,0.1,0.4,1759,global
DaliHom,2.0,0.1,0.4,3478,global
DaliHom,2.0,0.1,0.4,8120,global
DaliHom,2.0,0.1,0.4,4513,global
DaliHom,2.0,0.1,0.4,9233,global
DaliHom,2.0,0.1,0.4,4494,global
DaliHom,2.0,0.1,0.4,2765,global
DaliHom,2.0,0.1,0.4,7887,global
DaliHom,2.0,0.1,0.4,8197,global
DaliHom,2.0,0.1,0.4,8619,global
DaliHom,2.0,0.1,0.4,8898,global
DaliHom,2.0,0.1,0.4,250,global
DaliHom,2.0,0.1,0.4,5129,global
DaliHom,2.0,0.1,0.4,2681,global
DaliHom,2.0,0.1,0.4,2449,global
DaliHom,2.0,0.1,0.6000000000000001,123,global
DaliHom,2.0,0.1,0.6000000000000001,154,global
DaliHom,2.0,0.1,0.6000000000000001,6823,global
DaliHom,2.0,0.1,0.6000000000000001,5929,global
DaliHom,2.0,0.1,0.6000000000000001,538,global
DaliHom,2.0,0.1,0.6000000000000001,9090,global
DaliHom,2.0,0.1,0.6000000000000001,2203,global
DaliHom,2.0,0.1,0.6000000000000001,2550,global
DaliHom,2.0,0.1,0.6000000000000001,1843,global
DaliHom,2.0,0.1,0.6000000000000001,3336,global
DaliHom,2.0,0.1,0.6000000000000001,1759,global
DaliHom,2.0,0.1,0.6000000000000001,3478,global
DaliHom,2.0,0.1,0.6000000000000001,8120,global
DaliHom,2.0,0.1,0.6000000000000001,4513,global
DaliHom,2.0,0.1,0.6000000000000001,9233,global
DaliHom,2.0,0.1,0.6000000000000001,4494,global
DaliHom,2.0,0.1,0.6000000000000001,2765,global
DaliHom,2.0,0.1,0.6000000000000001,7887,global
DaliHom,2.0,0.1,0.6000000000000001,8197,global
DaliHom,2.0,0.1,0.6000000000000001,8619,global
DaliHom,2.0,0.1,0.6000000000000001,8898,global
DaliHom,2.0,0.1,0.6000000000000001,250,global
DaliHom,2.0,0.1,0.6000000000000001,5129,global
DaliHom,2.0,0.1,0.6000000000000001,2681,global
DaliHom,2.0,0.1,0.6000000000000001,2449,global
DaliHom,2.0,0.1,0.8,123,global
DaliHom,2.0,0.1,0.8,154,global
DaliHom,2.0,0.1,0.8,6823,global
DaliHom,2.0,0.1,0.8,5929,global
DaliHom,2.0,0.1,0.8,538,global
DaliHom,2.0,0.1,0.8,9090,global
DaliHom,2.0,0.1,0.8,2203,global
DaliHom,2.0,0.1,0.8,2550,global
DaliHom,2.0,0.1,0.8,1843,global
DaliHom,2.0,0.1,0.8,3336,global
DaliHom,2.0,0.1,0.8,1759,global
DaliHom,2.0,0.1,0.8,3478,global
DaliHom,2.0,0.1,0.8,8120,global
DaliHom,2.0,0.1,0.8,4513,global
DaliHom,2.0,0.1,0.8,9233,global
DaliHom,2.0,0.1,0.8,4494,global
DaliHom,2.0,0.1,0.8,2765,global
DaliHom,2.0,0.1,0.8,7887,global
DaliHom,2.0,0.1,0.8,8197,global
DaliHom,2.0,0.1,0.8,8619,global
DaliHom,2.0,0.1,0.8,8898,global
DaliHom,2.0,0.1,0.8,250,global
DaliHom,2.0,0.1,0.8,5129,global
DaliHom,2.0,0.1,0.8,2681,global
DaliHom,2.0,0.1,0.8,2449,global
DaliHom,2.0,0.1,1.0,123,global
DaliHom,2.0,0.1,1.0,154,global
DaliHom,2.0,0.1,1.0,6823,global
DaliHom,2.0,0.1,1.0,5929,global
DaliHom,2.0,0.1,1.0,538,global
DaliHom,2.0,0.1,1.0,9090,global
DaliHom,2.0,0.1,1.0,2203,global
DaliHom,2.0,0.1,1.0,2550,global
DaliHom,2.0,0.1,1.0,1843,global
DaliHom,2.0,0.1,1.0,3336,global
DaliHom,2.0,0.1,1.0,1759,global
DaliHom,2.0,0.1,1.0,3478,global
DaliHom,2.0,0.1,1.0,8120,global
DaliHom,2.0,0.1,1.0,4513,global
DaliHom,2.0,0.1,1.0,9233,global
DaliHom,2.0,0.1,1.0,4494,global
DaliHom,2.0,0.1,1.0,2765,global
DaliHom,2.0,0.1,1.0,7887,global
DaliHom,2.0,0.1,1.0,8197,global
DaliHom,2.0,0.1,1.0,8619,global
DaliHom,2.0,0.1,1.0,8898,global
DaliHom,2.0,0.1,1.0,250,global
DaliHom,2.0,0.1,1.0,5129,global
DaliHom,2.0,0.1,1.0,2681,global
DaliHom,2.0,0.1,1.0,2449,global
DaliHom,2.0,0.05,0.0,123,global
DaliHom,2.0,0.05,0.0,154,global
DaliHom,2.0,0.05,0.0,6823,global
DaliHom,2.0,0.05,0.0,5929,global
DaliHom,2.0,0.05,0.0,538,global
DaliHom,2.0,0.05,0.0,9090,global
DaliHom,2.0,0.05,0.0,2203,global
DaliHom,2.0,0.05,0.0,2550,global
DaliHom,2.0,0.05,0.0,1843,global
DaliHom,2.0,0.05,0.0,3336,global
DaliHom,2.0,0.05,0.0,1759,global
DaliHom,2.0,0.05,0.0,3478,global
DaliHom,2.0,0.05,0.0,8120,global
DaliHom,2.0,0.05,0.0,4513,global
DaliHom,2.0,0.05,0.0,9233,global
DaliHom,2.0,0.05,0.0,4494,global
DaliHom,2.0,0.05,0.0,2765,global
DaliHom,2.0,0.05,0.0,7887,global
DaliHom,2.0,0.05,0.0,8197,global
DaliHom,2.0,0.05,0.0,8619,global
DaliHom,2.0,0.05,0.0,8898,global
DaliHom,2.0,0.05,0.0,250,global
DaliHom,2.0,0.05,0.0,5129,global
DaliHom,2.0,0.05,0.0,2681,global
DaliHom,2.0,0.05,0.0,2449,global
DaliHom,2.0,0.05,0.2,123,global
DaliHom,2.0,0.05,0.2,154,global
DaliHom,2.0,0.05,0.2,6823,global
DaliHom,2.0,0.05,0.2,5929,global
DaliHom,2.0,0.05,0.2,538,global
DaliHom,2.0,0.05,0.2,9090,global
DaliHom,2.0,0.05,0.2,2203,global
DaliHom,2.0,0.05,0.2,2550,global
DaliHom,2.0,0.05,0.2,1843,global
DaliHom,2.0,0.05,0.2,3336,global
DaliHom,2.0,0.05,0.2,1759,global
DaliHom,2.0,0.05,0.2,3478,global
DaliHom,2.0,0.05,0.2,8120,global
DaliHom,2.0,0.05,0.2,4513,global
DaliHom,2.0,0.05,0.2,9233,global
DaliHom,2.0,0.05,0.2,4494,global
DaliHom,2.0,0.05,0.2,2765,global
DaliHom,2.0,0.05,0.2,7887,global
DaliHom,2.0,0.05,0.2,8197,global
DaliHom,2.0,0.05,0.2,8619,global
DaliHom,2.0,0.05,0.2,8898,global
DaliHom,2.0,0.05,0.2,250,global
DaliHom,2.0,0.05,0.2,5129,global
DaliHom,2.0,0.05,0.2,2681,global
DaliHom,2.0,0.05,0.2,2449,global
DaliHom,2.0,0.05,0.4,123,global
DaliHom,2.0,0.05,0.4,154,global
DaliHom,2.0,0.05,0.4,6823,global
DaliHom,2.0,0.05,0.4,5929,global
DaliHom,2.0,0.05,0.4,538,global
DaliHom,2.0,0.05,0.4,9090,global
DaliHom,2.0,0.05,0.4,2203,global
DaliHom,2.0,0.05,0.4,2550,global
DaliHom,2.0,0.05,0.4,1843,global
DaliHom,2.0,0.05,0.4,3336,global
DaliHom,2.0,0.05,0.4,1759,global
DaliHom,2.0,0.05,0.4,3478,global
DaliHom,2.0,0.05,0.4,8120,global
DaliHom,2.0,0.05,0.4,4513,global
DaliHom,2.0,0.05,0.4,9233,global
DaliHom,2.0,0.05,0.4,4494,global
DaliHom,2.0,0.05,0.4,2765,global
DaliHom,2.0,0.05,0.4,7887,global
DaliHom,2.0,0.05,0.4,8197,global
DaliHom,2.0,0.05,0.4,8619,global
DaliHom,2.0,0.05,0.4,8898,global
DaliHom,2.0,0.05,0.4,250,global
DaliHom,2.0,0.05,0.4,5129,global
DaliHom,2.0,0.05,0.4,2681,global
DaliHom,2.0,0.05,0.4,2449,global
DaliHom,2.0,0.05,0.6000000000000001,123,global
DaliHom,2.0,0.05,0.6000000000000001,154,global
DaliHom,2.0,0.05,0.6000000000000001,6823,global
DaliHom,2.0,0.05,0.6000000000000001,5929,global
DaliHom,2.0,0.05,0.6000000000000001,538,global
DaliHom,2.0,0.05,0.6000000000000001,9090,global
DaliHom,2.0,0.05,0.6000000000000001,2203,global
DaliHom,2.0,0.05,0.6000000000000001,2550,global
DaliHom,2.0,0.05,0.6000000000000001,1843,global
DaliHom,2.0,0.05,0.6000000000000001,3336,global
DaliHom,2.0,0.05,0.6000000000000001,1759,global
DaliHom,2.0,0.05,0.6000000000000001,3478,global
DaliHom,2.0,0.05,0.6000000000000001,8120,global
DaliHom,2.0,0.05,0.6000000000000001,4513,global
DaliHom,2.0,0.05,0.6000000000000001,9233,global
DaliHom,2.0,0.05,0.6000000000000001,4494,global
DaliHom,2.0,0.05,0.6000000000000001,2765,global
DaliHom,2.0,0.05,0.6000000000000001,7887,global
DaliHom,2.0,0.05,0.6000000000000001,8197,global
DaliHom,2.0,0.05,0.6000000000000001,8619,global
DaliHom,2.0,0.05,0.6000000000000001,8898,global
DaliHom,2.0,0.05,0.6000000000000001,250,global
DaliHom,2.0,0.05,0.6000000000000001,5129,global
DaliHom,2.0,0.05,0.6000000000000001,2681,global
DaliHom,2.0,0.05,0.6000000000000001,2449,global
DaliHom,2.0,0.05,0.8,123,global
DaliHom,2.0,0.05,0.8,154,global
DaliHom,2.0,0.05,0.8,6823,global
DaliHom,2.0,0.05,0.8,5929,global
DaliHom,2.0,0.05,0.8,538,global
DaliHom,2.0,0.05,0.8,9090,global
DaliHom,2.0,0.05,0.8,2203,global
DaliHom,2.0,0.05,0.8,2550,global
DaliHom,2.0,0.05,0.8,1843,global
DaliHom,2.0,0.05,0.8,3336,global
DaliHom,2.0,0.05,0.8,1759,global
DaliHom,2.0,0.05,0.8,3478,global
DaliHom,2.0,0.05,0.8,8120,global
DaliHom,2.0,0.05,0.8,4513,global
DaliHom,2.0,0.05,0.8,9233,global
DaliHom,2.0,0.05,0.8,4494,global
DaliHom,2.0,0.05,0.8,2765,global
DaliHom,2.0,0.05,0.8,7887,global
DaliHom,2.0,0.05,0.8,8197,global
DaliHom,2.0,0.05,0.8,8619,global
DaliHom,2.0,0.05,0.8,8898,global
DaliHom,2.0,0.05,0.8,250,global
DaliHom,2.0,0.05,0.8,5129,global
DaliHom,2.0,0.05,0.8,2681,global
DaliHom,2.0,0.05,0.8,2449,global
DaliHom,2.0,0.05,1.0,123,global
DaliHom,2.0,0.05,1.0,154,global
DaliHom,2.0,0.05,1.0,6823,global
DaliHom,2.0,0.05,1.0,5929,global
DaliHom,2.0,0.05,1.0,538,global
DaliHom,2.0,0.05,1.0,9090,global
DaliHom,2.0,0.05,1.0,2203,global
DaliHom,2.0,0.05,1.0,2550,global
DaliHom,2.0,0.05,1.0,1843,global
DaliHom,2.0,0.05,1.0,3336,global
DaliHom,2.0,0.05,1.0,1759,global
DaliHom,2.0,0.05,1.0,3478,global
DaliHom,2.0,0.05,1.0,8120,global
DaliHom,2.0,0.05,1.0,4513,global
DaliHom,2.0,0.05,1.0,9233,global
DaliHom,2.0,0.05,1.0,4494,global
DaliHom,2.0,0.05,1.0,2765,global
DaliHom,2.0,0.05,1.0,7887,global
DaliHom,2.0,0.05,1.0,8197,global
DaliHom,2.0,0.05,1.0,8619,global
DaliHom,2.0,0.05,1.0,8898,global
DaliHom,2.0,0.05,1.0,250,global
DaliHom,2.0,0.05,1.0,5129,global
DaliHom,2.0,0.05,1.0,2681,global
DaliHom,2.0,0.05,1.0,2449,global
DaliHom,2.0,0.01,0.0,123,global
DaliHom,2.0,0.01,0.0,154,global
DaliHom,2.0,0.01,0.0,6823,global
DaliHom,2.0,0.01,0.0,5929,global
DaliHom,2.0,0.01,0.0,538,global
DaliHom,2.0,0.01,0.0,9090,global
DaliHom,2.0,0.01,0.0,2203,global
DaliHom,2.0,0.01,0.0,2550,global
DaliHom,2.0,0.01,0.0,1843,global
DaliHom,2.0,0.01,0.0,3336,global
DaliHom,2.0,0.01,0.0,1759,global
DaliHom,2.0,0.01,0.0,3478,global
DaliHom,2.0,0.01,0.0,8120,global
DaliHom,2.0,0.01,0.0,4513,global
DaliHom,2.0,0.01,0.0,9233,global
DaliHom,2.0,0.01,0.0,4494,global
DaliHom,2.0,0.01,0.0,2765,global
DaliHom,2.0,0.01,0.0,7887,global
DaliHom,2.0,0.01,0.0,8197,global
DaliHom,2.0,0.01,0.0,8619,global
DaliHom,2.0,0.01,0.0,8898,global
DaliHom,2.0,0.01,0.0,250,global
DaliHom,2.0,0.01,0.0,5129,global
DaliHom,2.0,0.01,0.0,2681,global
DaliHom,2.0,0.01,0.0,2449,global
DaliHom,2.0,0.01,0.2,123,global
DaliHom,2.0,0.01,0.2,154,global
DaliHom,2.0,0.01,0.2,6823,global
DaliHom,2.0,0.01,0.2,5929,global
DaliHom,2.0,0.01,0.2,538,global
DaliHom,2.0,0.01,0.2,9090,global
DaliHom,2.0,0.01,0.2,2203,global
DaliHom,2.0,0.01,0.2,2550,global
DaliHom,2.0,0.01,0.2,1843,global
DaliHom,2.0,0.01,0.2,3336,global
DaliHom,2.0,0.01,0.2,1759,global
DaliHom,2.0,0.01,0.2,3478,global
DaliHom,2.0,0.01,0.2,8120,global
DaliHom,2.0,0.01,0.2,4513,global
DaliHom,2.0,0.01,0.2,9233,global
DaliHom,2.0,0.01,0.2,4494,global
DaliHom,2.0,0.01,0.2,2765,global
DaliHom,2.0,0.01,0.2,7887,global
DaliHom,2.0,0.01,0.2,8197,global
DaliHom,2.0,0.01,0.2,8619,global
DaliHom,2.0,0.01,0.2,8898,global
DaliHom,2.0,0.01,0.2,250,global
DaliHom,2.0,0.01,0.2,5129,global
DaliHom,2.0,0.01,0.2,2681,global
DaliHom,2.0,0.01,0.2,2449,global
DaliHom,2.0,0.01,0.4,123,global
DaliHom,2.0,0.01,0.4,154,global
DaliHom,2.0,0.01,0.4,6823,global
DaliHom,2.0,0.01,0.4,5929,global
DaliHom,2.0,0.01,0.4,538,global
DaliHom,2.0,0.01,0.4,9090,global
DaliHom,2.0,0.01,0.4,2203,global
DaliHom,2.0,0.01,0.4,2550,global
DaliHom,2.0,0.01,0.4,1843,global
DaliHom,2.0,0.01,0.4,3336,global
DaliHom,2.0,0.01,0.4,1759,global
DaliHom,2.0,0.01,0.4,3478,global
DaliHom,2.0,0.01,0.4,8120,global
DaliHom,2.0,0.01,0.4,4513,global
DaliHom,2.0,0.01,0.4,9233,global
DaliHom,2.0,0.01,0.4,4494,global
DaliHom,2.0,0.01,0.4,2765,global
DaliHom,2.0,0.01,0.4,7887,global
DaliHom,2.0,0.01,0.4,8197,global
DaliHom,2.0,0.01,0.4,8619,global
DaliHom,2.0,0.01,0.4,8898,global
DaliHom,2.0,0.01,0.4,250,global
DaliHom,2.0,0.01,0.4,5129,global
DaliHom,2.0,0.01,0.4,2681,global
DaliHom,2.0,0.01,0.4,2449,global
DaliHom,2.0,0.01,0.6000000000000001,123,global
DaliHom,2.0,0.01,0.6000000000000001,154,global
DaliHom,2.0,0.01,0.6000000000000001,6823,global
DaliHom,2.0,0.01,0.6000000000000001,5929,global
DaliHom,2.0,0.01,0.6000000000000001,538,global
DaliHom,2.0,0.01,0.6000000000000001,9090,global
DaliHom,2.0,0.01,0.6000000000000001,2203,global
DaliHom,2.0,0.01,0.6000000000000001,2550,global
DaliHom,2.0,0.01,0.6000000000000001,1843,global
DaliHom,2.0,0.01,0.6000000000000001,3336,global
DaliHom,2.0,0.01,0.6000000000000001,1759,global
DaliHom,2.0,0.01,0.6000000000000001,3478,global
DaliHom,2.0,0.01,0.6000000000000001,8120,global
DaliHom,2.0,0.01,0.6000000000000001,4513,global
DaliHom,2.0,0.01,0.6000000000000001,9233,global
DaliHom,2.0,0.01,0.6000000000000001,4494,global
DaliHom,2.0,0.01,0.6000000000000001,2765,global
DaliHom,2.0,0.01,0.6000000000000001,7887,global
DaliHom,2.0,0.01,0.6000000000000001,8197,global
DaliHom,2.0,0.01,0.6000000000000001,8619,global
DaliHom,2.0,0.01,0.6000000000000001,8898,global
DaliHom,2.0,0.01,0.6000000000000001,250,global
DaliHom,2.0,0.01,0.6000000000000001,5129,global
DaliHom,2.0,0.01,0.6000000000000001,2681,global
DaliHom,2.0,0.01,0.6000000000000001,2449,global
DaliHom,2.0,0.01,0.8,123,global
DaliHom,2.0,0.01,0.8,154,global
DaliHom,2.0,0.01,0.8,6823,global
DaliHom,2.0,0.01,0.8,5929,global
DaliHom,2.0,0.01,0.8,538,global
DaliHom,2.0,0.01,0.8,9090,global
DaliHom,2.0,0.01,0.8,2203,global
DaliHom,2.0,0.01,0.8,2550,global
DaliHom,2.0,0.01,0.8,1843,global
DaliHom,2.0,0.01,0.8,3336,global
DaliHom,2.0,0.01,0.8,1759,global
DaliHom,2.0,0.01,0.8,3478,global
DaliHom,2.0,0.01,0.8,8120,global
DaliHom,2.0,0.01,0.8,4513,global
DaliHom,2.0,0.01,0.8,9233,global
DaliHom,2.0,0.01,0.8,4494,global
DaliHom,2.0,0.01,0.8,2765,global
DaliHom,2.0,0.01,0.8,7887,global
DaliHom,2.0,0.01,0.8,8197,global
DaliHom,2.0,0.01,0.8,8619,global
DaliHom,2.0,0.01,0.8,8898,global
DaliHom,2.0,0.01,0.8,250,global
DaliHom,2.0,0.01,0.8,5129,global
DaliHom,2.0,0.01,0.8,2681,global
DaliHom,2.0,0.01,0.8,2449,global
DaliHom,2.0,0.01,1.0,123,global
DaliHom,2.0,0.01,1.0,154,global
DaliHom,2.0,0.01,1.0,6823,global
DaliHom,2.0,0.01,1.0,5929,global
DaliHom,2.0,0.01,1.0,538,global
DaliHom,2.0,0.01,1.0,9090,global
DaliHom,2.0,0.01,1.0,2203,global
DaliHom,2.0,0.01,1.0,2550,global
DaliHom,2.0,0.01,1.0,1843,global
DaliHom,2.0,0.01,1.0,3336,global
DaliHom,2.0,0.01,1.0,1759,global
DaliHom,2.0,0.01,1.0,3478,global
DaliHom,2.0,0.01,1.0,8120,global
DaliHom,2.0,0.01,1.0,4513,global
DaliHom,2.0,0.01,1.0,9233,global
DaliHom,2.0,0.01,1.0,4494,global
DaliHom,2.0,0.01,1.0,2765,global
DaliHom,2.0,0.01,1.0,7887,global
DaliHom,2.0,0.01,1.0,8197,global
DaliHom,2.0,0.01,1.0,8619,global
DaliHom,2.0,0.01,1.0,8898,global
DaliHom,2.0,0.01,1.0,250,global
DaliHom,2.0,0.01,1.0,5129,global
DaliHom,2.0,0.01,1.0,2681,global
DaliHom,2.0,0.01,1.0,2449,global
DaliHom,5.0,0.1,0.0,123,global
DaliHom,5.0,0.1,0.0,154,global
DaliHom,5.0,0.1,0.0,6823,global
DaliHom,5.0,0.1,0.0,5929,global
DaliHom,5.0,0.1,0.0,538,global
DaliHom,5.0,0.1,0.0,9090,global
DaliHom,5.0,0.1,0.0,2203,global
DaliHom,5.0,0.1,0.0,2550,global
DaliHom,5.0,0.1,0.0,1843,global
DaliHom,5.0,0.1,0.0,3336,global
DaliHom,5.0,0.1,0.0,1759,global
DaliHom,5.0,0.1,0.0,3478,global
DaliHom,5.0,0.1,0.0,8120,global
DaliHom,5.0,0.1,0.0,4513,global
DaliHom,5.0,0.1,0.0,9233,global
DaliHom,5.0,0.1,0.0,4494,global
DaliHom,5.0,0.1,0.0,2765,global
DaliHom,5.0,0.1,0.0,7887,global
DaliHom,5.0,0.1,0.0,8197,global
DaliHom,5.0,0.1,0.0,8619,global
DaliHom,5.0,0.1,0.0,8898,global
DaliHom,5.0,0.1,0.0,250,global
DaliHom,5.0,0.1,0.0,5129,global
DaliHom,5.0,0.1,0.0,2681,global
DaliHom,5.0,0.1,0.0,2449,global
DaliHom,5.0,0.1,0.2,123,global
DaliHom,5.0,0.1,0.2,154,global
DaliHom,5.0,0.1,0.2,6823,global
DaliHom,5.0,0.1,0.2,5929,global
DaliHom,5.0,0.1,0.2,538,global
DaliHom,5.0,0.1,0.2,9090,global
DaliHom,5.0,0.1,0.2,2203,global
DaliHom,5.0,0.1,0.2,2550,global
DaliHom,5.0,0.1,0.2,1843,global
DaliHom,5.0,0.1,0.2,3336,global
DaliHom,5.0,0.1,0.2,1759,global
DaliHom,5.0,0.1,0.2,3478,global
DaliHom,5.0,0.1,0.2,8120,global
DaliHom,5.0,0.1,0.2,4513,global
DaliHom,5.0,0.1,0.2,9233,global
DaliHom,5.0,0.1,0.2,4494,global
DaliHom,5.0,0.1,0.2,2765,global
DaliHom,5.0,0.1,0.2,7887,global
DaliHom,5.0,0.1,0.2,8197,global
DaliHom,5.0,0.1,0.2,8619,global
DaliHom,5.0,0.1,0.2,8898,global
DaliHom,5.0,0.1,0.2,250,global
DaliHom,5.0,0.1,0.2,5129,global
DaliHom,5.0,0.1,0.2,2681,global
DaliHom,5.0,0.1,0.2,2449,global
DaliHom,5.0,0.1,0.4,123,global
DaliHom,5.0,0.1,0.4,154,global
DaliHom,5.0,0.1,0.4,6823,global
DaliHom,5.0,0.1,0.4,5929,global
DaliHom,5.0,0.1,0.4,538,global
DaliHom,5.0,0.1,0.4,9090,global
DaliHom,5.0,0.1,0.4,2203,global
DaliHom,5.0,0.1,0.4,2550,global
DaliHom,5.0,0.1,0.4,1843,global
DaliHom,5.0,0.1,0.4,3336,global
DaliHom,5.0,0.1,0.4,1759,global
DaliHom,5.0,0.1,0.4,3478,global
DaliHom,5.0,0.1,0.4,8120,global
DaliHom,5.0,0.1,0.4,4513,global
DaliHom,5.0,0.1,0.4,9233,global
DaliHom,5.0,0.1,0.4,4494,global
DaliHom,5.0,0.1,0.4,2765,global
DaliHom,5.0,0.1,0.4,7887,global
DaliHom,5.0,0.1,0.4,8197,global
DaliHom,5.0,0.1,0.4,8619,global
DaliHom,5.0,0.1,0.4,8898,global
DaliHom,5.0,0.1,0.4,250,global
DaliHom,5.0,0.1,0.4,5129,global
DaliHom,5.0,0.1,0.4,2681,global
DaliHom,5.0,0.1,0.4,2449,global
DaliHom,5.0,0.1,0.6000000000000001,123,global
DaliHom,5.0,0.1,0.6000000000000001,154,global
DaliHom,5.0,0.1,0.6000000000000001,6823,global
DaliHom,5.0,0.1,0.6000000000000001,5929,global
DaliHom,5.0,0.1,0.6000000000000001,538,global
DaliHom,5.0,0.1,0.6000000000000001,9090,global
DaliHom,5.0,0.1,0.6000000000000001,2203,global
DaliHom,5.0,0.1,0.6000000000000001,2550,global
DaliHom,5.0,0.1,0.6000000000000001,1843,global
DaliHom,5.0,0.1,0.6000000000000001,3336,global
DaliHom,5.0,0.1,0.6000000000000001,1759,global
DaliHom,5.0,0.1,0.6000000000000001,3478,global
DaliHom,5.0,0.1,0.6000000000000001,8120,global
DaliHom,5.0,0.1,0.6000000000000001,4513,global
DaliHom,5.0,0.1,0.6000000000000001,9233,global
DaliHom,5.0,0.1,0.6000000000000001,4494,global
DaliHom,5.0,0.1,0.6000000000000001,2765,global
DaliHom,5.0,0.1,0.6000000000000001,7887,global
DaliHom,5.0,0.1,0.6000000000000001,8197,global
DaliHom,5.0,0.1,0.6000000000000001,8619,global
DaliHom,5.0,0.1,0.6000000000000001,8898,global
DaliHom,5.0,0.1,0.6000000000000001,250,global
DaliHom,5.0,0.1,0.6000000000000001,5129,global
DaliHom,5.0,0.1,0.6000000000000001,2681,global
DaliHom,5.0,0.1,0.6000000000000001,2449,global
DaliHom,5.0,0.1,0.8,123,global
DaliHom,5.0,0.1,0.8,154,global
DaliHom,5.0,0.1,0.8,6823,global
DaliHom,5.0,0.1,0.8,5929,global
DaliHom,5.0,0.1,0.8,538,global
DaliHom,5.0,0.1,0.8,9090,global
DaliHom,5.0,0.1,0.8,2203,global
DaliHom,5.0,0.1,0.8,2550,global
DaliHom,5.0,0.1,0.8,1843,global
DaliHom,5.0,0.1,0.8,3336,global
DaliHom,5.0,0.1,0.8,1759,global
DaliHom,5.0,0.1,0.8,3478,global
DaliHom,5.0,0.1,0.8,8120,global
DaliHom,5.0,0.1,0.8,4513,global
DaliHom,5.0,0.1,0.8,9233,global
DaliHom,5.0,0.1,0.8,4494,global
DaliHom,5.0,0.1,0.8,2765,global
DaliHom,5.0,0.1,0.8,7887,global
DaliHom,5.0,0.1,0.8,8197,global
DaliHom,5.0,0.1,0.8,8619,global
DaliHom,5.0,0.1,0.8,8898,global
DaliHom,5.0,0.1,0.8,250,global
DaliHom,5.0,0.1,0.8,5129,global
DaliHom,5.0,0.1,0.8,2681,global
DaliHom,5.0,0.1,0.8,2449,global
DaliHom,5.0,0.1,1.0,123,global
DaliHom,5.0,0.1,1.0,154,global
DaliHom,5.0,0.1,1.0,6823,global
DaliHom,5.0,0.1,1.0,5929,global
DaliHom,5.0,0.1,1.0,538,global
DaliHom,5.0,0.1,1.0,9090,global
DaliHom,5.0,0.1,1.0,2203,global
DaliHom,5.0,0.1,1.0,2550,global
DaliHom,5.0,0.1,1.0,1843,global
DaliHom,5.0,0.1,1.0,3336,global
DaliHom,5.0,0.1,1.0,1759,global
DaliHom,5.0,0.1,1.0,3478,global
DaliHom,5.0,0.1,1.0,8120,global
DaliHom,5.0,0.1,1.0,4513,global
DaliHom,5.0,0.1,1.0,9233,global
DaliHom,5.0,0.1,1.0,4494,global
DaliHom,5.0,0.1,1.0,2765,global
DaliHom,5.0,0.1,1.0,7887,global
DaliHom,5.0,0.1,1.0,8197,global
DaliHom,5.0,0.1,1.0,8619,global
DaliHom,5.0,0.1,1.0,8898,global
DaliHom,5.0,0.1,1.0,250,global
DaliHom,5.0,0.1,1.0,5129,global
DaliHom,5.0,0.1,1.0,2681,global
DaliHom,5.0,0.1,1.0,2449,global
DaliHom,5.0,0.05,0.0,123,global
DaliHom,5.0,0.05,0.0,154,global
DaliHom,5.0,0.05,0.0,6823,global
DaliHom,5.0,0.05,0.0,5929,global
DaliHom,5.0,0.05,0.0,538,global
DaliHom,5.0,0.05,0.0,9090,global
DaliHom,5.0,0.05,0.0,2203,global
DaliHom,5.0,0.05,0.0,2550,global
DaliHom,5.0,0.05,0.0,1843,global
DaliHom,5.0,0.05,0.0,3336,global
DaliHom,5.0,0.05,0.0,1759,global
DaliHom,5.0,0.05,0.0,3478,global
DaliHom,5.0,0.05,0.0,8120,global
DaliHom,5.0,0.05,0.0,4513,global
DaliHom,5.0,0.05,0.0,9233,global
DaliHom,5.0,0.05,0.0,4494,global
DaliHom,5.0,0.05,0.0,2765,global
DaliHom,5.0,0.05,0.0,7887,global
DaliHom,5.0,0.05,0.0,8197,global
DaliHom,5.0,0.05,0.0,8619,global
DaliHom,5.0,0.05,0.0,8898,global
DaliHom,5.0,0.05,0.0,250,global
DaliHom,5.0,0.05,0.0,5129,global
DaliHom,5.0,0.05,0.0,2681,global
DaliHom,5.0,0.05,0.0,2449,global
DaliHom,5.0,0.05,0.2,123,global
DaliHom,5.0,0.05,0.2,154,global
DaliHom,5.0,0.05,0.2,6823,global
DaliHom,5.0,0.05,0.2,5929,global
DaliHom,5.0,0.05,0.2,538,global
DaliHom,5.0,0.05,0.2,9090,global
DaliHom,5.0,0.05,0.2,2203,global
DaliHom,5.0,0.05,0.2,2550,global
DaliHom,5.0,0.05,0.2,1843,global
DaliHom,5.0,0.05,0.2,3336,global
DaliHom,5.0,0.05,0.2,1759,global
DaliHom,5.0,0.05,0.2,3478,global
DaliHom,5.0,0.05,0.2,8120,global
DaliHom,5.0,0.05,0.2,4513,global
DaliHom,5.0,0.05,0.2,9233,global
DaliHom,5.0,0.05,0.2,4494,global
DaliHom,5.0,0.05,0.2,2765,global
DaliHom,5.0,0.05,0.2,7887,global
DaliHom,5.0,0.05,0.2,8197,global
DaliHom,5.0,0.05,0.2,8619,global
DaliHom,5.0,0.05,0.2,8898,global
DaliHom,5.0,0.05,0.2,250,global
DaliHom,5.0,0.05,0.2,5129,global
DaliHom,5.0,0.05,0.2,2681,global
DaliHom,5.0,0.05,0.2,2449,global
DaliHom,5.0,0.05,0.4,123,global
DaliHom,5.0,0.05,0.4,154,global
DaliHom,5.0,0.05,0.4,6823,global
DaliHom,5.0,0.05,0.4,5929,global
DaliHom,5.0,0.05,0.4,538,global
DaliHom,5.0,0.05,0.4,9090,global
DaliHom,5.0,0.05,0.4,2203,global
DaliHom,5.0,0.05,0.4,2550,global
DaliHom,5.0,0.05,0.4,1843,global
DaliHom,5.0,0.05,0.4,3336,global
DaliHom,5.0,0.05,0.4,1759,global
DaliHom,5.0,0.05,0.4,3478,global
DaliHom,5.0,0.05,0.4,8120,global
DaliHom,5.0,0.05,0.4,4513,global
DaliHom,5.0,0.05,0.4,9233,global
DaliHom,5.0,0.05,0.4,4494,global
DaliHom,5.0,0.05,0.4,2765,global
DaliHom,5.0,0.05,0.4,7887,global
DaliHom,5.0,0.05,0.4,8197,global
DaliHom,5.0,0.05,0.4,8619,global
DaliHom,5.0,0.05,0.4,8898,global
DaliHom,5.0,0.05,0.4,250,global
DaliHom,5.0,0.05,0.4,5129,global
DaliHom,5.0,0.05,0.4,2681,global
DaliHom,5.0,0.05,0.4,2449,global
DaliHom,5.0,0.05,0.6000000000000001,123,global
DaliHom,5.0,0.05,0.6000000000000001,154,global
DaliHom,5.0,0.05,0.6000000000000001,6823,global
DaliHom,5.0,0.05,0.6000000000000001,5929,global
DaliHom,5.0,0.05,0.6000000000000001,538,global
DaliHom,5.0,0.05,0.6000000000000001,9090,global
DaliHom,5.0,0.05,0.6000000000000001,2203,global
DaliHom,5.0,0.05,0.6000000000000001,2550,global
DaliHom,5.0,0.05,0.6000000000000001,1843,global
DaliHom,5.0,0.05,0.6000000000000001,3336,global
DaliHom,5.0,0.05,0.6000000000000001,1759,global
DaliHom,5.0,0.05,0.6000000000000001,3478,global
DaliHom,5.0,0.05,0.6000000000000001,8120,global
DaliHom,5.0,0.05,0.6000000000000001,4513,global
DaliHom,5.0,0.05,0.6000000000000001,9233,global
DaliHom,5.0,0.05,0.6000000000000001,4494,global
DaliHom,5.0,0.05,0.6000000000000001,2765,global
DaliHom,5.0,0.05,0.6000000000000001,7887,global
DaliHom,5.0,0.05,0.6000000000000001,8197,global
DaliHom,5.0,0.05,0.6000000000000001,8619,global
DaliHom,5.0,0.05,0.6000000000000001,8898,global
DaliHom,5.0,0.05,0.6000000000000001,250,global
DaliHom,5.0,0.05,0.6000000000000001,5129,global
DaliHom,5.0,0.05,0.6000000000000001,2681,global
DaliHom,5.0,0.05,0.6000000000000001,2449,global
DaliHom,5.0,0.05,0.8,123,global
DaliHom,5.0,0.05,0.8,154,global
DaliHom,5.0,0.05,0.8,6823,global
DaliHom,5.0,0.05,0.8,5929,global
DaliHom,5.0,0.05,0.8,538,global
DaliHom,5.0,0.05,0.8,9090,global
DaliHom,5.0,0.05,0.8,2203,global
DaliHom,5.0,0.05,0.8,2550,global
DaliHom,5.0,0.05,0.8,1843,global
DaliHom,5.0,0.05,0.8,3336,global
DaliHom,5.0,0.05,0.8,1759,global
DaliHom,5.0,0.05,0.8,3478,global
DaliHom,5.0,0.05,0.8,8120,global
DaliHom,5.0,0.05,0.8,4513,global
DaliHom,5.0,0.05,0.8,9233,global
DaliHom,5.0,0.05,0.8,4494,global
DaliHom,5.0,0.05,0.8,2765,global
DaliHom,5.0,0.05,0.8,7887,global
DaliHom,5.0,0.05,0.8,8197,global
DaliHom,5.0,0.05,0.8,8619,global
DaliHom,5.0,0.05,0.8,8898,global
DaliHom,5.0,0.05,0.8,250,global
DaliHom,5.0,0.05,0.8,5129,global
DaliHom,5.0,0.05,0.8,2681,global
DaliHom,5.0,0.05,0.8,2449,global
DaliHom,5.0,0.05,1.0,123,global
DaliHom,5.0,0.05,1.0,154,global
DaliHom,5.0,0.05,1.0,6823,global
DaliHom,5.0,0.05,1.0,5929,global
DaliHom,5.0,0.05,1.0,538,global
DaliHom,5.0,0.05,1.0,9090,global
DaliHom,5.0,0.05,1.0,2203,global
DaliHom,5.0,0.05,1.0,2550,global
DaliHom,5.0,0.05,1.0,1843,global
DaliHom,5.0,0.05,1.0,3336,global
DaliHom,5.0,0.05,1.0,1759,global
DaliHom,5.0,0.05,1.0,3478,global
DaliHom,5.0,0.05,1.0,8120,global
DaliHom,5.0,0.05,1.0,4513,global
DaliHom,5.0,0.05,1.0,9233,global
DaliHom,5.0,0.05,1.0,4494,global
DaliHom,5.0,0.05,1.0,2765,global
DaliHom,5.0,0.05,1.0,7887,global
DaliHom,5.0,0.05,1.0,8197,global
DaliHom,5.0,0.05,1.0,8619,global
DaliHom,5.0,0.05,1.0,8898,global
DaliHom,5.0,0.05,1.0,250,global
DaliHom,5.0,0.05,1.0,5129,global
DaliHom,5.0,0.05,1.0,2681,global
DaliHom,5.0,0.05,1.0,2449,global
DaliHom,5.0,0.01,0.0,123,global
DaliHom,5.0,0.01,0.0,154,global
DaliHom,5.0,0.01,0.0,6823,global
DaliHom,5.0,0.01,0.0,5929,global
DaliHom,5.0,0.01,0.0,538,global
DaliHom,5.0,0.01,0.0,9090,global
DaliHom,5.0,0.01,0.0,2203,global
DaliHom,5.0,0.01,0.0,2550,global
DaliHom,5.0,0.01,0.0,1843,global
DaliHom,5.0,0.01,0.0,3336,global
DaliHom,5.0,0.01,0.0,1759,global
DaliHom,5.0,0.01,0.0,3478,global
DaliHom,5.0,0.01,0.0,8120,global
DaliHom,5.0,0.01,0.0,4513,global
DaliHom,5.0,0.01,0.0,9233,global
DaliHom,5.0,0.01,0.0,4494,global
DaliHom,5.0,0.01,0.0,2765,global
DaliHom,5.0,0.01,0.0,7887,global
DaliHom,5.0,0.01,0.0,8197,global
DaliHom,5.0,0.01,0.0,8619,global
DaliHom,5.0,0.01,0.0,8898,global
DaliHom,5.0,0.01,0.0,250,global
DaliHom,5.0,0.01,0.0,5129,global
DaliHom,5.0,0.01,0.0,2681,global
DaliHom,5.0,0.01,0.0,2449,global
DaliHom,5.0,0.01,0.2,123,global
DaliHom,5.0,0.01,0.2,154,global
DaliHom,5.0,0.01,0.2,6823,global
DaliHom,5.0,0.01,0.2,5929,global
DaliHom,5.0,0.01,0.2,538,global
DaliHom,5.0,0.01,0.2,9090,global
DaliHom,5.0,0.01,0.2,2203,global
DaliHom,5.0,0.01,0.2,2550,global
DaliHom,5.0,0.01,0.2,1843,global
DaliHom,5.0,0.01,0.2,3336,global
DaliHom,5.0,0.01,0.2,1759,global
DaliHom,5.0,0.01,0.2,3478,global
DaliHom,5.0,0.01,0.2,8120,global
DaliHom,5.0,0.01,0.2,4513,global
DaliHom,5.0,0.01,0.2,9233,global
DaliHom,5.0,0.01,0.2,4494,global
DaliHom,5.0,0.01,0.2,2765,global
DaliHom,5.0,0.01,0.2,7887,global
DaliHom,5.0,0.01,0.2,8197,global
DaliHom,5.0,0.01,0.2,8619,global
DaliHom,5.0,0.01,0.2,8898,global
DaliHom,5.0,0.01,0.2,250,global
DaliHom,5.0,0.01,0.2,5129,global
DaliHom,5.0,0.01,0.2,2681,global
DaliHom,5.0,0.01,0.2,2449,global
DaliHom,5.0,0.01,0.4,123,global
DaliHom,5.0,0.01,0.4,154,global
DaliHom,5.0,0.01,0.4,6823,global
DaliHom,5.0,0.01,0.4,5929,global
DaliHom,5.0,0.01,0.4,538,global
DaliHom,5.0,0.01,0.4,9090,global
DaliHom,5.0,0.01,0.4,2203,global
DaliHom,5.0,0.01,0.4,2550,global
DaliHom,5.0,0.01,0.4,1843,global
DaliHom,5.0,0.01,0.4,3336,global
DaliHom,5.0,0.01,0.4,1759,global
DaliHom,5.0,0.01,0.4,3478,global
DaliHom,5.0,0.01,0.4,8120,global
DaliHom,5.0,0.01,0.4,4513,global
DaliHom,5.0,0.01,0.4,9233,global
DaliHom,5.0,0.01,0.4,4494,global
DaliHom,5.0,0.01,0.4,2765,global
DaliHom,5.0,0.01,0.4,7887,global
DaliHom,5.0,0.01,0.4,8197,global
DaliHom,5.0,0.01,0.4,8619,global
DaliHom,5.0,0.01,0.4,8898,global
DaliHom,5.0,0.01,0.4,250,global
DaliHom,5.0,0.01,0.4,5129,global
DaliHom,5.0,0.01,0.4,2681,global
DaliHom,5.0,0.01,0.4,2449,global
DaliHom,5.0,0.01,0.6000000000000001,123,global
DaliHom,5.0,0.01,0.6000000000000001,154,global
DaliHom,5.0,0.01,0.6000000000000001,6823,global
DaliHom,5.0,0.01,0.6000000000000001,5929,global
DaliHom,5.0,0.01,0.6000000000000001,538,global
DaliHom,5.0,0.01,0.6000000000000001,9090,global
DaliHom,5.0,0.01,0.6000000000000001,2203,global
DaliHom,5.0,0.01,0.6000000000000001,2550,global
DaliHom,5.0,0.01,0.6000000000000001,1843,global
DaliHom,5.0,0.01,0.6000000000000001,3336,global
DaliHom,5.0,0.01,0.6000000000000001,1759,global
DaliHom,5.0,0.01,0.6000000000000001,3478,global
DaliHom,5.0,0.01,0.6000000000000001,8120,global
DaliHom,5.0,0.01,0.6000000000000001,4513,global
DaliHom,5.0,0.01,0.6000000000000001,9233,global
DaliHom,5.0,0.01,0.6000000000000001,4494,global
DaliHom,5.0,0.01,0.6000000000000001,2765,global
DaliHom,5.0,0.01,0.6000000000000001,7887,global
DaliHom,5.0,0.01,0.6000000000000001,8197,global
DaliHom,5.0,0.01,0.6000000000000001,8619,global
DaliHom,5.0,0.01,0.6000000000000001,8898,global
DaliHom,5.0,0.01,0.6000000000000001,250,global
DaliHom,5.0,0.01,0.6000000000000001,5129,global
DaliHom,5.0,0.01,0.6000000000000001,2681,global
DaliHom,5.0,0.01,0.6000000000000001,2449,global
DaliHom,5.0,0.01,0.8,123,global
DaliHom,5.0,0.01,0.8,154,global
DaliHom,5.0,0.01,0.8,6823,global
DaliHom,5.0,0.01,0.8,5929,global
DaliHom,5.0,0.01,0.8,538,global
DaliHom,5.0,0.01,0.8,9090,global
DaliHom,5.0,0.01,0.8,2203,global
DaliHom,5.0,0.01,0.8,2550,global
DaliHom,5.0,0.01,0.8,1843,global
DaliHom,5.0,0.01,0.8,3336,global
DaliHom,5.0,0.01,0.8,1759,global
DaliHom,5.0,0.01,0.8,3478,global
DaliHom,5.0,0.01,0.8,8120,global
DaliHom,5.0,0.01,0.8,4513,global
DaliHom,5.0,0.01,0.8,9233,global
DaliHom,5.0,0.01,0.8,4494,global
DaliHom,5.0,0.01,0.8,2765,global
DaliHom,5.0,0.01,0.8,7887,global
DaliHom,5.0,0.01,0.8,8197,global
DaliHom,5.0,0.01,0.8,8619,global
DaliHom,5.0,0.01,0.8,8898,global
DaliHom,5.0,0.01,0.8,250,global
DaliHom,5.0,0.01,0.8,5129,global
DaliHom,5.0,0.01,0.8,2681,global
DaliHom,5.0,0.01,0.8,2449,global
DaliHom,5.0,0.01,1.0,123,global
DaliHom,5.0,0.01,1.0,154,global
DaliHom,5.0,0.01,1.0,6823,global
DaliHom,5.0,0.01,1.0,5929,global
DaliHom,5.0,0.01,1.0,538,global
DaliHom,5.0,0.01,1.0,9090,global
DaliHom,5.0,0.01,1.0,2203,global
DaliHom,5.0,0.01,1.0,2550,global
DaliHom,5.0,0.01,1.0,1843,global
DaliHom,5.0,0.01,1.0,3336,global
DaliHom,5.0,0.01,1.0,1759,global
DaliHom,5.0,0.01,1.0,3478,global
DaliHom,5.0,0.01,1.0,8120,global
DaliHom,5.0,0.01,1.0,4513,global
DaliHom,5.0,0.01,1.0,9233,global
DaliHom,5.0,0.01,1.0,4494,global
DaliHom,5.0,0.01,1.0,2765,global
DaliHom,5.0,0.01,1.0,7887,global
DaliHom,5.0,0.01,1.0,8197,global
DaliHom,5.0,0.01,1.0,8619,global
DaliHom,5.0,0.01,1.0,8898,global
DaliHom,5.0,0.01,1.0,250,global
DaliHom,5.0,0.01,1.0,5129,global
DaliHom,5.0,0.01,1.0,2681,global
DaliHom,5.0,0.01,1.0,2449,global
